SampleID,Tissue,AnimalID,PMI_day
N0-A01,Heart,A0,0
N0-B01,Heart,B0,0
N0-C01,Heart,C0,0
N0-D01,Heart,D0,0
N0-E01,Heart,E0,0
N0-F01,Heart,F0,0
N3-A01,Heart,A3,1
N3-B01,Heart,B3,1
N3-C01,Heart,C3,1
N3-D01,Heart,D3,1
N3-E01,Heart,E3,1
N3-F01,Heart,F3,1
N4-A01,Heart,A4,2
N4-B01,Heart,B4,2
N4-C01,Heart,C4,2
N4-D01,Heart,D4,2
N4-E01,Heart,E4,2
N4-F01,Heart,F4,2
N5-A01,Heart,A5,3
N5-B01,Heart,B5,3
N5-C01,Heart,C5,3
N5-D01,Heart,D5,3
N5-E01,Heart,E5,3
N5-F01,Heart,F5,3
N7-A01,Heart,A7,5
N7-B01,Heart,B7,5
N7-C01,Heart,C7,5
N7-D01,Heart,D7,5
N7-E01,Heart,E7,5
N7-F01,Heart,F7,5
N9-A01,Heart,A9,7
N9-B01,Heart,B9,7
N9-C01,Heart,C9,7
N9-D01,Heart,D9,7
N9-E01,Heart,E9,7
N9-F01,Heart,F9,7
N0-A02,Liver,A0,0
N0-B02,Liver,B0,0
N0-C02,Liver,C0,0
N0-D02,Liver,D0,0
N0-E02,Liver,E0,0
N0-F02,Liver,F0,0
N3-A02,Liver,A3,1
N3-B02,Liver,B3,1
N3-C02,Liver,C3,1
N3-D02,Liver,D3,1
N3-E02,Liver,E3,1
N3-F02,Liver,F3,1
N4-A02,Liver,A4,2
N4-B02,Liver,B4,2
N4-C02,Liver,C4,2
N4-D02,Liver,D4,2
N4-E02,Liver,E4,2
N4-F02,Liver,F4,2
N5-A02,Liver,A5,3
N5-B02,Liver,B5,3
N5-C02,Liver,C5,3
N5-D02,Liver,D5,3
N5-E02,Liver,E5,3
N5-F02,Liver,F5,3
N7-A02,Liver,A7,5
N7-B02,Liver,B7,5
N7-C02,Liver,C7,5
N7-D02,Liver,D7,5
N7-E02,Liver,E7,5
N7-F02,Liver,F7,5
N9-A02,Liver,A9,7
N9-B02,Liver,B9,7
N9-C02,Liver,C9,7
N9-D02,Liver,D9,7
N9-E02,Liver,E9,7
N9-F02,Liver,F9,7
N0-A04,Lung,A0,0
N0-B04,Lung,B0,0
N0-C04,Lung,C0,0
N0-D04,Lung,D0,0
N0-E04,Lung,E0,0
N0-F04,Lung,F0,0
N3-A04,Lung,A3,1
N3-B04,Lung,B3,1
N3-C04,Lung,C3,1
N3-D04,Lung,D3,1
N3-E04,Lung,E3,1
N3-F04,Lung,F3,1
N4-A04,Lung,A4,2
N4-B04,Lung,B4,2
N4-C04,Lung,C4,2
N4-D04,Lung,D4,2
N4-E04,Lung,E4,2
N4-F04,Lung,F4,2
N5-A04,Lung,A5,3
N5-B04,Lung,B5,3
N5-C04,Lung,C5,3
N5-D04,Lung,D5,3
N5-E04,Lung,E5,3
N5-F04,Lung,F5,3
N7-A04,Lung,A7,5
N7-B04,Lung,B7,5
N7-C04,Lung,C7,5
N7-D04,Lung,D7,5
N7-E04,Lung,E7,5
N7-F04,Lung,F7,5
N9-A04,Lung,A9,7
N9-B04,Lung,B9,7
N9-C04,Lung,C9,7
N9-D04,Lung,D9,7
N9-E04,Lung,E9,7
N9-F04,Lung,F9,7
N0-A08,Muscle,A0,0
N0-B08,Muscle,B0,0
N0-C08,Muscle,C0,0
N0-D08,Muscle,D0,0
N0-E08,Muscle,E0,0
N0-F08,Muscle,F0,0
N3-A08,Muscle,A3,1
N3-B08,Muscle,B3,1
N3-C08,Muscle,C3,1
N3-D08,Muscle,D3,1
N3-E08,Muscle,E3,1
N3-F08,Muscle,F3,1
N4-A08,Muscle,A4,2
N4-B08,Muscle,B4,2
N4-C08,Muscle,C4,2
N4-D08,Muscle,D4,2
N4-E08,Muscle,E4,2
N4-F08,Muscle,F4,2
N5-A08,Muscle,A5,3
N5-B08,Muscle,B5,3
N5-C08,Muscle,C5,3
N5-D08,Muscle,D5,3
N5-E08,Muscle,E5,3
N5-F08,Muscle,F5,3
N7-A08,Muscle,A7,5
N7-B08,Muscle,B7,5
N7-C08,Muscle,C7,5
N7-D08,Muscle,D7,5
N7-E08,Muscle,E7,5
N7-F08,Muscle,F7,5
N9-A08,Muscle,A9,7
N9-B08,Muscle,B9,7
N9-C08,Muscle,C9,7
N9-D08,Muscle,D9,7
N9-E08,Muscle,E9,7
N9-F08,Muscle,F9,7
N0-A03,Spleen,A0,0
N0-B03,Spleen,B0,0
N0-C03,Spleen,C0,0
N0-D03,Spleen,D0,0
N0-E03,Spleen,E0,0
N0-F03,Spleen,F0,0
N3-A03,Spleen,A3,1
N3-B03,Spleen,B3,1
N3-C03,Spleen,C3,1
N3-D03,Spleen,D3,1
N3-E03,Spleen,E3,1
N3-F03,Spleen,F3,1
N4-A03,Spleen,A4,2
N4-B03,Spleen,B4,2
N4-C03,Spleen,C4,2
N4-D03,Spleen,D4,2
N4-E03,Spleen,E4,2
N4-F03,Spleen,F4,2
N5-A03,Spleen,A5,3
N5-B03,Spleen,B5,3
N5-C03,Spleen,C5,3
N5-D03,Spleen,D5,3
N5-E03,Spleen,E5,3
N5-F03,Spleen,F5,3
N7-A03,Spleen,A7,5
N7-B03,Spleen,B7,5
N7-C03,Spleen,C7,5
N7-D03,Spleen,D7,5
N7-E03,Spleen,E7,5
N7-F03,Spleen,F7,5
N9-A03,Spleen,A9,7
N9-B03,Spleen,B9,7
N9-C03,Spleen,C9,7
N9-D03,Spleen,D9,7
N9-E03,Spleen,E9,7
N9-F03,Spleen,F9,7
