,Bodysite,Day,,ACE
N4_C01,Heart,2,,101.007752
N4_D01,Heart,2,,467.959184
N4_E01,Heart,2,,147.664376
N4_F01,Heart,2,,412.463779
N5_A01,Heart,3,,43
N5_B01,Heart,3,,44
N5_C01,Heart,3,,54.243284
N5_D01,Heart,3,,80
N5_E01,Heart,3,,40.954103
N5_F01,Heart,3,,16.353553
N7_A01,Heart,5,,35.250271
N7_B01,Heart,5,,32.935349
N7_C01,Heart,5,,46.024811
N7_D01,Heart,5,,49.604636
N7_E01,Heart,5,,24.035934
N7_F01,Heart,5,,38.141968
N9_A01,Heart,7,,34.712585
N9_B01,Heart,7,,36
N9_C01,Heart,7,,34.251259
N9_D01,Heart,7,,42.540123
N9_E01,Heart,7,,40.603318
N9_F01,Heart,7,,30.289899
N4_C02,Liver,2,,56.088654
N4_D02,Liver,2,,62.556116
N4_E02,Liver,2,,68.820168
N4_F02,Liver,2,,103.526442
N5_A02,Liver,3,,44.283825
N5_B02,Liver,3,,48.75121
N5_C02,Liver,3,,65.868439
N5_D02,Liver,3,,49.385469
N5_E02,Liver,3,,38
N5_F02,Liver,3,,40.596783
N7_A02,Liver,5,,66.524764
N7_B02,Liver,5,,41.962443
N7_C02,Liver,5,,39
N7_D02,Liver,5,,43
N7_E02,Liver,5,,41
N7_F02,Liver,5,,39.428202
N9_A02,Liver,7,,45.465909
N9_B02,Liver,7,,53.715359
N9_C02,Liver,7,,28.931985
N9_D02,Liver,7,,50.421087
N9_E02,Liver,7,,31
N9_F02,Liver,7,,58.248824
N4_C03,Spleen,2,,44
N4_D03,Spleen,2,,91
N4_E03,Spleen,2,,70.356053
N4_F03,Spleen,2,,62
N5_A03,Spleen,3,,51.622934
N5_B03,Spleen,3,,65.783077
N5_C03,Spleen,3,,37.295244
N5_D03,Spleen,3,,54.627723
N5_E03,Spleen,3,,33.42852
N7_A03,Spleen,5,,49.206334
N7_B03,Spleen,5,,44.272043
N7_C03,Spleen,5,,60.122522
N7_D03,Spleen,5,,74.394125
N7_E03,Spleen,5,,43
N7_F03,Spleen,5,,33
N9_A03,Spleen,7,,21.45027
N9_B03,Spleen,7,,47.900533
N9_C03,Spleen,7,,30.607228
N9_D03,Spleen,7,,63.958736
N9_E03,Spleen,7,,38.299856
N9_F03,Spleen,7,,47.800723
N4_A04,Lung,2,,44.44427
N4_B04,Lung,2,,30.834467
N4_C04,Lung,2,,32.49406
N4_D04,Lung,2,,32.466399
N4_E04,Lung,2,,49.376066
N4_F04,Lung,2,,47.903864
N5_A04,Lung,3,,70
N5_B04,Lung,3,,68.447646
N5_C04,Lung,3,,61.818938
N5_D04,Lung,3,,21
N5_E04,Lung,3,,23.376731
N5_F04,Lung,3,,24
N7_A04,Lung,5,,41.336436
N7_B04,Lung,5,,37.851705
N7_C04,Lung,5,,44.959593
N7_D04,Lung,5,,29.93629
N7_E04,Lung,5,,33.188037
N7_F04,Lung,7,,24.238155
N9_A04,Lung,7,,40.911386
N9_B04,Lung,7,,60.642508
N9_C04,Lung,7,,44.355576
N9_D04,Lung,7,,54.311633
N9_E04,Lung,7,,20.264691
N9_F04,Lung,7,,39
N4_A08,Muscle,2,,47.243748
N4_B08,Muscle,2,,34.320777
N4_C08,Muscle,2,,20
N4_D08,Muscle,2,,53.398146
N4_E08,Muscle,2,,42.497229
N4_F08,Muscle,2,,43.321412
N5_A08,Muscle,3,,29
N5_B08,Muscle,3,,69.416667
N5_C08,Muscle,3,,45.578354
N5_D08,Muscle,3,,22.289401
N5_E08,Muscle,3,,18.498718
N5_F08,Muscle,3,,48.188312
N7_A08,Muscle,5,,24.229695
N7_B08,Muscle,5,,40
N7_C08,Muscle,5,,44
N7_D08,Muscle,5,,53
N7_E08,Muscle,5,,55.297968
N7_F08,Muscle,5,,24.635209
N9_A08,Muscle,7,,43
N9_B08,Muscle,7,,45.203716
N9_C08,Muscle,7,,18
N9_D08,Muscle,7,,59.850287
N9_E08,Muscle,7,,35.423846
N9_F08,Muscle,7,,40.721508
