,Bodysite,Day,Day2
N4_C01,Heart,2,A2
N4_D01,Heart,2,A2
N4_E01,Heart,2,A2
N4_F01,Heart,2,A2
N5_A01,Heart,3,B3
N5_B01,Heart,3,B3
N5_C01,Heart,3,B3
N5_D01,Heart,3,B3
N5_E01,Heart,3,B3
N5_F01,Heart,3,B3
N7_A01,Heart,5,C5
N7_B01,Heart,5,C5
N7_C01,Heart,5,C5
N7_D01,Heart,5,C5
N7_E01,Heart,5,C5
N7_F01,Heart,5,C5
N9_A01,Heart,7,D7
N9_B01,Heart,7,D7
N9_C01,Heart,7,D7
N9_D01_1,Heart,7,D7
N9_D01_2,Heart,7,D7
N9_E01,Heart,7,D7
N9_F01,Heart,7,D7
N4_C02,Liver,2,A2
N4_D02,Liver,2,A2
N4_E02,Liver,2,A2
N4_F02,Liver,2,A2
N5_A02,Liver,3,B3
N5_B02,Liver,3,B3
N5_C02,Liver,3,B3
N5_D02,Liver,3,B3
N5_E02,Liver,3,B3
N5_F02,Liver,3,B3
N7_A02,Liver,5,C5
N7_B02,Liver,5,C5
N7_C02,Liver,5,C5
N7_D02,Liver,5,C5
N7_E02,Liver,5,C5
N7_F02,Liver,5,C5
N9_A02,Liver,7,D7
N9_B02,Liver,7,D7
N9_C02,Liver,7,D7
N9_D02,Liver,7,D7
N9_E02,Liver,7,D7
N9_F02,Liver,7,D7
N4_C03,Spleen,2,A2
N4_D03,Spleen,2,A2
N4_E03,Spleen,2,A2
N4_F03,Spleen,2,A2
N5_A03,Spleen,3,B3
N5_B03,Spleen,3,B3
N5_C03,Spleen,3,B3
N5_D03,Spleen,3,B3
N5_E03_1,Spleen,3,B3
N5_E03_2,Spleen,3,B3
N7_A03,Spleen,5,C5
N7_B03,Spleen,5,C5
N7_C03,Spleen,5,C5
N7_D03,Spleen,5,C5
N7_E03,Spleen,5,C5
N7_F03,Spleen,5,C5
N9_A03,Spleen,7,D7
N9_B03,Spleen,7,D7
N9_C03,Spleen,7,D7
N9_D03,Spleen,7,D7
N9_E03,Spleen,7,D7
N9_F03,Spleen,7,D7
N4_A04,Lung,2,A2
N4_B04,Lung,2,A2
N4_C04,Lung,2,A2
N4_D04,Lung,2,A2
N4_E04,Lung,2,A2
N4_F04,Lung,2,A2
N5_A04,Lung,3,B3
N5_B04,Lung,3,B3
N5_C04,Lung,3,B3
N5_D04,Lung,3,B3
N5_E04,Lung,3,B3
N5_F04,Lung,3,B3
N7_A04_1,Lung,5,C5
N7_A04_2,Lung,5,C5
N7_B04,Lung,5,C5
N7_C04,Lung,5,C5
N7_D04,Lung,5,C5
N7_E04,Lung,5,C5
N7_F04,Lung,7,D7
N9_A04,Lung,7,D7
N9_B04,Lung,7,D7
N9_C04,Lung,7,D7
N9_D04,Lung,7,D7
N9_E04,Lung,7,D7
N9_F04,Lung,7,D7
N4_A08,Muscle,2,A2
N4_B08,Muscle,2,A2
N4_C08,Muscle,2,A2
N4_D08,Muscle,2,A2
N4_E08,Muscle,2,A2
N4_F08,Muscle,2,A2
N5_A08,Muscle,3,B3
N5_B08,Muscle,3,B3
N5_C08,Muscle,3,B3
N5_D08,Muscle,3,B3
N5_E08,Muscle,3,B3
N5_F08,Muscle,3,B3
N7_A08,Muscle,5,C5
N7_B08,Muscle,5,C5
N7_C08,Muscle,5,C5
N7_D08,Muscle,5,C5
N7_E08,Muscle,5,C5
N7_F08,Muscle,5,C5
N9_A08,Muscle,7,D7
N9_B08,Muscle,7,D7
N9_C08,Muscle,7,D7
N9_D08,Muscle,7,D7
N9_E08,Muscle,7,D7
N9_F08,Muscle,7,D7
