,Bodysite,Day,,Shannon
N4_C01,Heart,2,,1.371843
N4_D01,Heart,2,,1.910099
N4_E01,Heart,2,,1.977197
N4_F01,Heart,2,,1.992088
N5_A01,Heart,3,,2.492526
N5_B01,Heart,3,,1.77481
N5_C01,Heart,3,,2.516497
N5_D01,Heart,3,,1.783515
N5_E01,Heart,3,,1.23352
N5_F01,Heart,3,,1.136217
N7_A01,Heart,5,,1.163466
N7_B01,Heart,5,,1.171436
N7_C01,Heart,5,,1.209722
N7_D01,Heart,5,,1.313244
N7_E01,Heart,5,,1.169327
N7_F01,Heart,5,,1.213317
N9_A01,Heart,7,,1.489202
N9_B01,Heart,7,,1.348077
N9_C01,Heart,7,,1.382433
N9_D01,Heart,7,,1.468799
N9_E01,Heart,7,,1.678208
N9_F01,Heart,7,,1.296224
N4_C02,Liver,2,,2.143987
N4_D02,Liver,2,,2.502163
N4_E02,Liver,2,,3.269342
N4_F02,Liver,2,,1.470211
N5_A02,Liver,3,,1.624378
N5_B02,Liver,3,,1.342074
N5_C02,Liver,3,,2.332004
N5_D02,Liver,3,,2.694038
N5_E02,Liver,3,,2.30382
N5_F02,Liver,3,,2.61711
N7_A02,Liver,5,,1.266416
N7_B02,Liver,5,,1.22595
N7_C02,Liver,5,,1.303756
N7_D02,Liver,5,,1.68323
N7_E02,Liver,5,,1.834873
N7_F02,Liver,5,,1.273327
N9_A02,Liver,7,,1.373565
N9_B02,Liver,7,,1.606418
N9_C02,Liver,7,,1.438302
N9_D02,Liver,7,,1.292771
N9_E02,Liver,7,,1.519802
N9_F02,Liver,7,,1.561094
N4_C03,Spleen,2,,2.198308
N4_D03,Spleen,2,,3.355504
N4_E03,Spleen,2,,2.665914
N4_F03,Spleen,2,,1.441461
N5_A03,Spleen,3,,1.830908
N5_B03,Spleen,3,,1.511345
N5_C03,Spleen,3,,1.313808
N5_D03,Spleen,3,,1.629743
N5_E03,Spleen,3,,1.473039
N7_A03,Spleen,5,,1.23874
N7_B03,Spleen,5,,1.330766
N7_C03,Spleen,5,,1.179775
N7_D03,Spleen,5,,1.378782
N7_E03,Spleen,5,,1.604081
N7_F03,Spleen,5,,1.194821
N9_A03,Spleen,7,,1.151267
N9_B03,Spleen,7,,1.279205
N9_C03,Spleen,7,,1.195312
N9_D03,Spleen,7,,1.29561
N9_E03,Spleen,7,,1.758274
N9_F03,Spleen,7,,1.843179
N4_A04,Lung,2,,1.183121
N4_B04,Lung,2,,1.327102
N4_C04,Lung,2,,1.115051
N4_D04,Lung,2,,1.416479
N4_E04,Lung,2,,2.035803
N4_F04,Lung,2,,1.37947
N5_A04,Lung,3,,2.623349
N5_B04,Lung,3,,1.795216
N5_C04,Lung,3,,2.192719
N5_D04,Lung,3,,1.56631
N5_E04,Lung,3,,1.256457
N5_F04,Lung,3,,1.234427
N7_A04,Lung,5,,1.563558
N7_B04,Lung,5,,1.868978
N7_C04,Lung,5,,1.241905
N7_D04,Lung,5,,1.169374
N7_E04,Lung,5,,1.360293
N7_F04,Lung,7,,1.158395
N9_A04,Lung,7,,1.437167
N9_B04,Lung,7,,2.163798
N9_C04,Lung,7,,2.338849
N9_D04,Lung,7,,2.230747
N9_E04,Lung,7,,1.47831
N9_F04,Lung,7,,1.527827
N4_A08,Muscle,2,,1.107874
N4_B08,Muscle,2,,1.269759
N4_C08,Muscle,2,,1.088852
N4_D08,Muscle,2,,1.266397
N4_E08,Muscle,2,,1.197593
N4_F08,Muscle,2,,1.120335
N5_A08,Muscle,3,,1.3244
N5_B08,Muscle,3,,1.879018
N5_C08,Muscle,3,,1.307255
N5_D08,Muscle,3,,0.953822
N5_E08,Muscle,3,,1.156643
N5_F08,Muscle,3,,1.22032
N7_A08,Muscle,5,,1.124706
N7_B08,Muscle,5,,1.253521
N7_C08,Muscle,5,,1.224632
N7_D08,Muscle,5,,2.412178
N7_E08,Muscle,5,,1.248061
N7_F08,Muscle,5,,1.112705
N9_A08,Muscle,7,,1.260341
N9_B08,Muscle,7,,1.445269
N9_C08,Muscle,7,,1.171761
N9_D08,Muscle,7,,1.555334
N9_E08,Muscle,7,,1.669424
N9_F08,Muscle,7,,1.24255
