ID,Metabolites
FT05897PR,L-phenylalanyl-L-proline
FT01662PR,Hypoxanthine
FT05664PR,Glycerophosphocholine
FT02192PR,L-Histidine
FT01996PR,L-Glutamic acid
FT03139NR,12-Methyltridecanoic acid
FT02956PR,L-Tyrosine
FT02044PR,L-Methionine
FT02118PR,Xanthine
FT09115NR,"5,2',5'-Trihydroxy-3,7,8-trimethoxyflavone 2'-acetate"
FT03656PR,Asymmetric dimethylarginine
FT02392PR,L-Carnitine
FT15228PR,PC(19:1/0:0)
FT03218PR,"N6,N6,N6-Trimethyl-L-lysine"
FT07174NR,Leiopathic acid
FT06386PR,Deoxyinosine
FT08358PR,5-(Galactosylhydroxy)-L-Lysine
FT02773PR,Formiminoglutamic acid
FT01668PR,1-Methylnicotinamide
FT04279PR,Boc-L-cysteine
FT02603PR,3-Methylhistidine
FT01712PR,Urocanic acid
FT05802NR,"Eicosa-11,14-dienoic acid"
FT15016PR,LysoPC(0:0/18:0)
FT05849PR,Methylmalonylcarnitine
FT09511PR,Isograyanotoxin II
FT02344PR,Aminovaleric acid betaine
FT04897NR,Xanthosine
FT03998NR,Isopalmitic acid
FT03648PR,Alanylleucine
FT04940PR,Anserine
FT03478NR,Cucujolide IV
FT05482NR,11-methoxy-heptadecanoic acid
FT06483PR,5-Benzylacyclouridine
FT01938PR,4-Trimethylammoniobutanoic acid
FT04168NR,gamma-Glutamylasparagine
FT03933PR,Cyclo(Pro-Leu)
FT14488NR,Oxidized glutathione
FT01522PR,Creatine
FT11004PR,N-Palmitoyl Methionine
FT02475PR,Methionine sulfoxide
FT07333PR,5'-Methylthioadenosine
FT04687PR,Threonylisoleucine
FT07072PR,Inosine
FT01273PR,Isonicotinic acid
FT05084NR,"7(14)-Farnesene-9,12-diol"
FT04857NR,Vaccenic acid
FT06437PR,Glutamyllysine
FT05226PR,gamma-Glutamylvaline
FT01252PR,Niacinamide
FT03688PR,Gly-Lys
FT07771PR,1-Deoxy-1-(N6-lysino)-D-fructose
FT15448PR,LysoPC(20:1/0:0)
FT06479PR,gamma-Glutamylglutamic acid
FT01975PR,L-Lysine
FT04555PR,Ergothioneine
FT04713PR,Seryllysine
FT01028PR,L-Proline
FT00878PR,Brunfelsamidine
FT08893PR,Linoleoyl glycine
FT04334NR,Deoxyguanosine
FT05328NR,8S-HODE
FT00980PR,Creatinine
FT05764PR,Leu-Gln
FT07034PR,Ophthalmic acid
FT08123PR,Leu-Trp
FT14749PR,PC(O-16:0/1:0)
FT02749NR,Glycerylphosphorylethanolamine
FT03232PR,N-Acetyl-L-glutamic acid
FT01968PR,L-Glutamine
FT01753PR,Imidazolepropionic acid
FT06233NR,Androsterol
FT01272PR,Nicotinic acid
FT05900PR,Streptidine
FT11867PR,N-Linoleoyl Glutamine
FT03211PR,Glycyl-Isoleucine
FT04172PR,Alanyllysine
FT11992NR,LysoPE(0:0/18:0)
FT02412PR,5-Hydroxylysine
FT04703NR,Monoethylhexyl phthalic acid
FT05249NR,Tanacetol A
FT15415PR,LysoPC(20:2/0:0)
FT04430NR,Heptadecanoic acid
FT04575PR,"N1,N8-Diacetylspermidine"
FT12707PR,N-stearoyl phenylalanine
FT04495PR,Myristamide
FT06755NR,"(S)-a-Amino-2,5-dihydro-5-oxo-4-isoxazolepropanoic acid N2-glucoside"
FT03003PR,Phosphorylcholine
FT02783PR,L-Arginine
FT00931PR,Histamine
FT10789PR,N-palmitoleyl glutamine
FT01619PR,3-Phenylpropanal
FT06403PR,Lysylglutamine
FT03088NR,Carnosine
FT01493PR,Agmatine
FT06095PR,Adenosine
FT04199PR,Ser-Leu
FT03272NR,"(1beta,2beta,5beta)-p-Menth-3-ene-1,2,5-triol"
FT07981NR,N-Palmitoyl Leucine
FT02701NR,Indoxyl sulfate
FT03033NR,4'-Hydroxychalcone
FT02344NR,Dihydroferulic acid
FT06889PR,Gly-Pro-Leu
FT06774NR,Docosatrienoic acid
FT03522NR,Cyclo(L-Pro-L-Val)
FT05810PR,Asparaginyl-Lysine
FT09173PR,Gly-Arg-Leu
FT05289PR,3-Hydroxybutyrylcarnitine
FT09274PR,3'-AMP
FT01410PR,Dihydrothymine
FT06853NR,"13Z,16Z-docosadienoic acid"
FT02786PR,Ethyl lysine
FT12701NR,LysoPC(17:2/0:0)
FT14659PR,LysoPC(P-18:1/0:0)
FT05909PR,6-[3]-ladderane-1-hexanol
FT03987NR,Threonylhistidine
FT05546PR,Palmitoleamide
FT07215PR,gamma-Glutamylphenylalanine
FT05921NR,"10S,11S-epoxy-9S-hydroxy-12Z-octadecenoic acid"
FT14131PR,LysoPC(O-16:0/0:0)
FT09865PR,Arg-Ala-Asp
FT04358NR,Ara-HX
FT07672PR,Threonyltryptophan
FT06064PR,N5-(4-Methoxybenzyl)glutamine
FT06966PR,Arginylleucine
FT08616PR,1-O-(2R-methoxy-4Z-pentadecenyl)-sn-glycerol
FT05481NR,18-hydroxy stearic acid
FT04767PR,Pandamarilactam 3x
FT00762PR,Choline
FT02124PR,N1-Methyl-4-pyridone-3-carboxamide
FT05411NR,Nonadecanoic acid
FT06146PR,Histidylisoleucine
FT07234PR,13-HOTE
FT04300NR,N-(4-Aminobenzoyl)-L-glutamic acid
FT01569PR,Ornithine
FT04911NR,2-Hydroxy-4-[(1R)-1-hydroxy-8-methyl-6-oxononyl]-3-methyl-2H-furan-5-one
FT06793NR,Dihydroferuperine
FT04052NR,Ribothymidine
FT02698PR,Glycyl-L-proline
FT07834PR,Phenylalanine glutamate
FT04226PR,Pantothenic acid
FT06348NR,"12-oxo-14,18-dihydroxy-9Z,13E,15Z-octadecatrienoic acid"
FT03124NR,Deoxyuridine
FT03687PR,Isopentenyladenine
FT13774PR,LysoPC(0:0/14:0)
FT06825PR,Glycitein
FT06753NR,Glycerophosphoinositol
FT02035NR,4-Pyridoxic acid
FT13144PR,Schleicherastatin 5
FT06809PR,Stearamide
FT05378NR,4-Ethylphenol glucuronide
FT04114NR,Glucose 6-phosphate
FT03030NR,3-Keto-b-D-galactose
FT02942PR,"4,5,7,7a-Tetrahydro-4,4,7a-trimethyl-2(6H)-benzofuranone"
FT03651NR,Glycerophosphoglycerol
FT02292PR,Nicotyrine
FT01239PR,Phenylethylamine
FT05844PR,Glycyl-Tryptophan
FT07362PR,Palmitoleoyl Ethanolamide
FT01359PR,Thymine
FT05560PR,Nicotinamide riboside
FT02272NR,Citric acid
FT03715PR,L-Tryptophan
FT02367PR,N2-Methyl-L-lysine
FT05007PR,Lumichrome
FT05817NR,N-Acetylneuraminic acid
FT05335NR,10Z-Nonadecenoic acid
FT02385PR,Glutamic acid gamma-methyl ester
FT05244NR,Prenyl glucoside
FT03230PR,Kynurenic acid
FT01588PR,Oxindole
FT03081PR,4-Hepteneoylglycine
FT02553NR,Indolelactic acid
FT07375NR,"Ethyl octadeca-9,12,15-trienoate"
FT03446NR,Trimetaphosphoric acid
FT01539PR,L-Alloisoleucine
FT03083NR,"(6-Amino-3,4-dihydro-2H-1,4-benzoxazin-3-yl)methanol"
FT14715PR,LysoPC(P-18:0/0:0)
FT02214NR,2-O-Methylascorbic acid
FT07290PR,Aspartyl-Tyrosine
FT03667NR,N-Acetyltryptophan
FT12439PR,N-Docosahexaenoyl Proline
FT08320PR,Gly-Thr-Phe
FT04102NR,Hydroxyprolyl-Lysine
FT03643PR,N-Acetyltryptamine
FT02285PR,Oxiracetam
FT06360PR,Ala-Ala-Ile
FT06551PR,N-gamma-Glutamylcysteine ethyl ester
FT11159PR,Tyr-Pro-Ile
FT07984PR,Margaroyl-EA
FT02023NR,Sorbitol
FT03528PR,Dodecanamide
FT07338PR,2-Methylguanosine
FT06965PR,Ile-Arg
FT06408PR,"5Z,8Z,11Z,14Z,17Z-octadecapentaenoic acid"
FT05969PR,Aspartyl-Methionine
FT03685PR,L-Acetylcarnitine
FT09200PR,Val-Asp-Leu
FT11426NR,PE(O-18:1/0:0)
FT01879NR,N-Acetyl-L-aspartic acid
FT07292PR,Methionyl-Phenylalanine
FT14392PR,LysoPC(0:0/16:1)
FT13452PR,5-methylnonadecanoylcarnitine
FT06779PR,Guanosine
FT08564PR,Thr-Pro-Leu
FT03990PR,Glycyl-Histidine
FT05917NR,"4-Hydroxy-3-methoxy-2,10-bisaboladien-9-one"
FT04614PR,Isoleucyl-Valine
FT07569NR,Succinyldisalicylic acid
FT02281NR,Cyclic Urea
FT06832NR,"Glycine, N-[1-(phenylacetyl)-L-prolyl]-"
FT05191NR,Etherolenic acid
FT15343PR,LysoPC(0:0/20:4)
FT02737PR,N-Acetylleucine
FT11206PR,19-Hydroxyprostaglandin F
FT13050PR,(9Z)-12-Hydroxyoctadec-9-enoylcarnitine
FT04424NR,3-keto palmitic acid
FT15484PR,LysoPE(0:0/24:6)
FT06306NR,Cytidine 3'-monophosphate
FT04630NR,N-lactoyl-Tryptophan
FT05972PR,Thiamine
FT02929NR,L-beta-aspartyl-L-serine
FT05180PR,Valyl-Gamma-glutamate
FT02732NR,(+)-exo-5-hydroxycamphor
FT10490NR,Gibberellin A39
FT02492PR,L-Phenylalanine
FT05783NR,N-(4-Acetamidobenzoyl)-L-glutamic acid
FT10003PR,Melibiose
FT05014PR,3'-Hydroxyamobarbital
FT05116PR,Cyclo(L-Phe-L-Pro)
FT14750PR,LysoPC(17:0/0:0)
FT04998NR,2-methoxy-hexadecanoic acid
FT04248PR,5-Hydroxy-L-tryptophan
FT03898NR,N-lactoyl-Tyrosine
FT04179PR,Spermic acid 1
FT06604NR,Sativic acid
FT01863PR,5-(2-Hydroxyethyl)-4-methylthiazole
FT14964PR,LysoPC(0:0/18:1)
FT10560PR,Riboflavin
FT01585NR,5-Hydroxy-1-methylpyrrolidin-2-one
FT14067PR,LysoPC(O-16:1/0:0)
FT05185PR,Alanylarginine
FT04402NR,Genistein
FT07522PR,Gly-Ile-Ile
FT03394NR,N-Lactoylphenylalanine
FT04545NR,Isoferulic acid 3-sulfate
FT11799PR,Glu-Ile-Phe
FT05863NR,11Z-Eicosenoic acid
FT01926PR,OXYQUINOLINE
FT03009NR,N-Acetyl-L-tyrosine
FT03092NR,2-(2'-trans-pentenyl-5'-hydroxy)-3-methyl-2-cyclopenten-1-one
FT02601PR,Pyridoxine
FT06165NR,15-HEPE
FT01540PR,"N,N-Diethylglycine"
FT06498NR,"13,16-Epoxy-7,12-dihydroxy-9Z-octadecenoic acid"
FT06304NR,5'-Cytidylic acid
FT07454PR,Sphingosine
FT07827NR,Phosphoribosyl formamidocarboxamide
FT08565PR,Val-Val-Ile
FT12423NR,1-Nonadecanoyl-glycero-3-phosphoethanolamine
FT11242PR,Ile-Asp-Phe
FT08496PR,Val-Pro-Ile
FT02115NR,p-Cresol sulfate
FT09069NR,delta2-THA
FT02224NR,2-Amino-4-[(2-hydroxy-1-oxopropyl)amino]butanoic acid
FT08713NR,"7alpha,12alpha-Dihydroxy-5beta-chol-2-en-24-oic Acid"
FT02734NR,"2,2'-(3-methylcyclohexane-1,1-diyl)diacetic acid"
FT01095PR,Betaine
FT05532PR,L-DOPA n-Butyl Ester
FT09825PR,Ile-Asp-Leu
FT14615PR,PE(20:3/0:0)
FT05265PR,N-Succinyl-L-glutamate
FT10341PR,Tetradecanoylcarnitine
FT06944NR,N-Oleoyl glycine
FT11844NR,LysoPE(18:2/0:0)
FT06524NR,"2-methyl-7R,8S-Epoxy-octadecane"
FT08193PR,Pro-Gly-Phe
FT14442PR,LysoPC(0:0/16:0)
FT15471PR,(2-Acetyloxy-3-octadecoxypropyl) 2-(trimethylazaniumyl)ethyl phosphate
FT03727NR,Alanylhydroxyproline
FT04597NR,N2-gamma-Glutamylglutamine
FT04650PR,Isobutyryl-L-carnitine
FT05395PR,Threonylmethionine
FT05969NR,N-palmitoylglycine
FT01702NR,Erythrose
FT08563PR,Ile-Pro-Thr
FT05929NR,Phytanic acid
FT06241NR,Beta-Citryl-L-glutamic acid
FT03919NR,Daidzein
FT05400NR,"6R,7S-epoxy-octadecanoic acid"
FT09170PR,Asn-Ile-Val
FT04124PR,"[(2S,3R)-2-Amino-3-hydroxybutanoyl] (2S)-pyrrolidine-2-carboxylate"
FT05714PR,O-Desmethylangolensin
FT05803PR,Isoleucyl-Glutamate
FT03235NR,5-Hepteneoylglycine
FT11660PR,N-palmitoyl phenylalanine
FT10735PR,Thr-Asp-Phe
FT12153PR,Trp-Pro-Asp
FT15122PR,LysoPE(0:0/22:4)
FT09126PR,Ile-Pro-Asp
FT03595NR,"1,11-Undecanedicarboxylic acid"
FT06358NR,11R-HEDE
FT03852PR,L-Kynurenine
FT00926PR,Cytosine
FT08517PR,Stearoylethanolamide
FT10137PR,Val-His-Ile
FT04008PR,Isotridecenoic acid
FT14540NR,LysoPC(22:4/0:0)
FT05070PR,3-Methylbut-2-enoylcarnitine
FT03299PR,N-Acetyl-L-methionine
FT14068PR,LysoPC(P-16:0/0:0)
FT05881NR,"N2,N2-Dimethylguanosine"
FT00803PR,L-Serine
FT05634PR,"1-(beta-D-Ribofuranosyl)-1,4-dihydronicotinamide"
FT08872NR,N-Oleoyl Leucine
FT13679PR,Tyr-Pro-Trp
FT08663PR,Glutaminyltryptophan
FT08173PR,Arachidonic Acid methyl ester
FT10449NR,PE(14:0(13Me)/0:0)
FT05009PR,Equol
FT07523PR,Val-Ala-Leu
FT03726PR,Ser-Val
FT07216NR,Inosinic acid
FT08126PR,Ser-Val-Leu
FT13782PR,LysoPE(O-18:0/0:0)
FT04499NR,2S-hydroxypalmitic acid
FT07250PR,Asparaginyl-Tyrosine
FT13715PR,PE(17:1/0:0)
FT04122PR,"1,2,3,4-Tetrahydro-beta-carboline-3-carboxylic acid"
FT02955NR,Gentianine
FT04425NR,10-keto palmitic acid
FT06142PR,"N'-Benzoyl-N,N'-dimethylbenzohydrazide"
FT02339NR,Gluconic acid
FT07086PR,Gly-Ser-Lys
FT07004PR,Arginylasparagine
FT07974NR,N-oleoyl L-serine
FT07049NR,15Z-Eicosen-1-ol
FT05977NR,5'-phosphoribosyl-N-formylglycinamide
FT02149NR,Azelaic acid
FT15015PR,LysoPC(18:0/0:0)
FT13380PR,LysoPC(O-14:0/0:0)
FT09907PR,Pro-Val-Phe
FT07597NR,12-[5]-ladderane-dodecanoic acid
FT03521NR,Phenol A
FT08155PR,Gly-Asp-Lys
FT01795NR,beta-Glycerophosphoric acid
FT08787PR,N6-isopentenyladenosine
FT13596PR,Glucosylsphingosine
FT06970PR,5-Methylheptanoylcarnitine
FT07878PR,"1-(4-Aminophenyl)-7,8-dimethoxy-3,5-dihydro-2,3-benzodiazepin-4-one"
FT09792PR,Asn-Ile-Leu
FT03209PR,N-alpha-Acetyl-L-lysine
FT04069NR,Tetradecanal
FT04845PR,12-amino-dodecanoic acid
FT08046PR,Leu-Ala-Ile
FT04502NR,9-Hydroxyhexadecanoic acid
FT09135PR,Val-Ile-Ile
FT05775PR,Hexanoylcarnitine
FT07551PR,Histidylphenylalanine
FT03601NR,omega-hydroxy myristic acid
FT01341PR,2-O-Methylcytosine
FT04500NR,Kerrolic acid
FT03530NR,Sarcinic acid
FT05737NR,"cis-8,11,14-Eicosatrienoic Acid"
FT12426PR,Tyr-Pro-Phe
FT02796NR,Undecanedioic acid
FT03237PR,Indole-3-propionic acid
FT05247NR,Tyrosyl-Leucine
FT04926NR,Methyl 14-methyl-8-hexadecenoate
FT04781NR,4-Coumaroylputrescine
FT05291PR,Thr-Lys
FT04494NR,Pentadecanedioic acid
FT02298NR,2-Methylhippuric acid
FT05855PR,Lysylaspartic acid
FT06717PR,Oleamide
FT08266PR,Phenylalanylarginine
FT01773NR,"2,3-Dimethyl-2-cyclohexen-1-one"
FT09053PR,Histidinyl-Tryptophan
FT07444NR,Dinoprost
FT10039PR,Glu-Ala-Phe
FT14706PR,LysoPE(20:1/0:0)
FT09133PR,Heptaethylene glycol
FT02019NR,Hydroxyphenyllactic acid
FT04677NR,Polyribosylribitolphosphate
FT05179NR,"(2S,4S)-Monatin"
FT07033PR,Asp-Gly-Val
FT08187PR,Aspartyl-Tryptophan
FT08607PR,"1alpha-hydroxy-23,24,25,26,27-pentanorvitamin D3"
FT09733NR,Equol 4'-O-glucuronide
FT05851NR,"15,16-dihydrosacrolide A"
FT09824PR,Val-Glu-Leu
FT07234NR,Ataprost
FT07361PR,Spiroxamine
FT11007PR,3-hydroxytetradecanoylcarnitine
FT01413NR,Methylparaben
FT07785PR,Obtusilactone A
FT10043PR,Val-Thr-Phe
FT12058PR,N-oleoyl methionine
FT14065PR,Cholylalanine
FT05225PR,Valylglutamic acid
FT02446NR,3-ethylphenyl Sulfate
FT03817NR,2-Benzylidene-1-heptanol
FT01895NR,Citrulline
FT01840NR,Phenol sulphate
FT11213PR,Val-Lys-Phe
FT02989NR,4-Methylaminorex
FT08275PR,"Anandamide (18:3, n-3)"
FT04501NR,15-hydroxy-hexadecanoic acid
FT10783PR,LysoPA(i-14:0/0:0)
FT14188PR,5-Methylhenicosanoylcarnitine
FT03872NR,"2,3-Dihydro-6-methoxy-2,2-dimethyl-4H-1-benzopyran-4-one"
FT13375PR,lysoPE(0:0/16:0)
FT05405PR,3-Hydroxymelatonin
FT04230PR,Cyclohexyl 2-aminobenzoate
FT06769NR,"5Z,8Z,11Z,14Z-Eicosatetraenedioic acid"
FT14508NR,LysoPC(22:6/0:0)
FT06085NR,6b-Hydroxymethandienone
FT03199NR,Dodecanedioic acid
FT02152PR,N-Acetylhistamine
FT05235PR,Octopine
FT05130PR,Ethyl N2-acetyl-L-argininate
FT01336NR,L-2-Hydroxyglutaric acid
FT10145PR,N-Linoleoyl Serine
FT00043PR,Pyrrolidine
FT03137NR,Leucylproline
FT05968PR,Thymidine
FT01738NR,Uric acid
FT04788NR,12S-HHT
FT05778PR,Lysylleucine
FT15229PR,PC(18:0(11cp)/0:0)
FT02218NR,L-beta-aspartyl-L-glycine
FT04680PR,Asp-Val
FT08047PR,Ile-Leu-Ala
FT07934PR,Phenylalanylphenylalanine
FT01879PR,Proline betaine
FT12455PR,Oleoylcarnitine
FT07635PR,L-N-(1H-Indol-3-ylacetyl)glutamic acid
FT06084NR,"15-deoxy-delta-12,14-PGA2"
FT05111PR,Pro-Glu
FT14702NR,Povpc
FT06234NR,5-Pentadecylresorcinol
FT03191NR,"(1R,2S,3R)-2-Acetyl-4(5)-(1,2,3,4-tetrahydroxybutyl)imidazole"
FT06293PR,2R-aminohexadecanoic acid
FT07525NR,"4,8,12,15,19,21-tetracosahexaenoic acid"
FT11129PR,7-Ketolithocholic acid
FT05500PR,Histidinyl-Proline
FT01340PR,5-Methylcytosine
FT06954NR,"Fructose 1,6-bisphosphate"
FT02937NR,Valylcysteine
FT11154PR,Glu-Leu-Met
FT01696PR,Tyramine
FT06005PR,Cytidine
FT02808PR,7-Amino-4-methylcoumarin
FT02581PR,Norharmane
FT05081NR,"9,16-dihydroxy-palmitic acid"
FT05451NR,Diosmetin
FT12585PR,Tyr-Thr-Phe
FT07652PR,Eicosatetraenoic acid
FT09795PR,Arg-Ala-Ile
FT07310NR,Methandriol
FT01927PR,4-Formylindole
FT08503NR,"26:6(8Z,11Z,14Z,17Z,20Z,23Z)"
FT13566NR,LysoPS(20:5/0:0)
FT10640PR,MG(0:0/20:4)
FT04862PR,Glycyltyrosine
FT03210PR,Valylalanine
FT04915NR,Tetranorprostanedioic acid
FT02297NR,Phenylacetylglycine
FT00781NR,L-Allothreonine
FT00758PR,gamma-Aminobutyric acid
FT06692PR,1-Methyladenosine
FT06408NR,9-epi-9-D1t-PhytoP
FT07216PR,Tyrosylhydroxyproline
FT12540PR,Stearoylcarnitine
FT06623PR,"6,10,14-Trimethyl-5,9,13-pentadecatrien-2-one"
FT06748PR,Threonyltyrosine
FT14914PR,LysoPC(0:0/18:2)
FT00044PR,3-Buten-1-amine
FT01010NR,D-Leucic acid
FT07684NR,N-Arachidonoylglycine
FT06598PR,Phe-Gly-Gly
FT07573NR,alpha-carboxyethylhydroxychroman sulfate
FT04351NR,coumesterol
FT12159PR,Glutamylleucylarginine
FT06500NR,Corchorifatty acid F
FT10522PR,Pro-Ile-Phe
FT08705PR,Ala-Leu-Met
FT12945NR,Taurocholic acid
FT03647NR,3-[4-(sulfooxy)phenyl]propanoic acid
FT12361NR,Esculeogenin A
FT15147NR,Soyasaponin III
FT10118NR,Ptilosteroid B
FT03184PR,N1-Acetylspermidine
FT05809PR,"10-Hydroxy-3-methoxy-1,3,5,7-cadinatetraen-9-one"
FT09245PR,Corticosterone
FT04789PR,Serylmethionine
FT04376NR,10E-heptadecenoic acid
FT03373NR,N'-Formylkynurenine
FT04687NR,Kifunensine
FT08529PR,Tyrosyl-Phenylalanine
FT14967PR,Cholylleucine
FT03136NR,9-hydroxy-traumatin
FT03602NR,2-Hydroxymyristic acid
FT06270NR,Thymidine-5'-phosphate
FT05255NR,"(9S,10E,12Z,15Z)-9-Hydroxy-10,12,15-octadecatrienoic acid"
FT02660NR,"1,5-Anhydro-d-mannitol"
FT10412PR,Leu-Glu-Leu
FT13102PR,N-Linoleoyl Tyrosine
FT10471PR,Prostaglandin E2
FT02593NR,"2,8-Quinolinediol"
FT02457NR,Sebacic acid
FT02271NR,Oxoglutaric acid
FT03707NR,Glutaminylthreonine
FT08677PR,17a-Hydroxypregnenolone
FT07517PR,Tryptophyl-Proline
FT03588NR,4-Oxododecanedioic acid
FT13961PR,PE(18:3/0:0)
FT09802PR,Lys-Val-Ile
FT02602NR,N-Acetyl-L-phenylalanine
FT10960PR,"12alpha-Hydroxy-3-oxochola-4,6-dien-24-oic Acid"
FT12946NR,Tauro-b-muricholic acid
FT06009PR,Boc-D-phenylalanine
FT01279NR,Solerol
FT01348PR,1-Methylhistamine
FT07801PR,Glutaminyltyrosine
FT07372NR,Prostaglandin D2
FT01710NR,4-Methoxyphenylacetic acid
FT03977NR,Liquiritigenin
FT08003NR,Androsterone sulfate
FT06007PR,N-Phenylacetylglutamic acid
FT08159NR,Dehydrolithocholic acid
FT03639PR,Hydroxyprolyl-Alanine
FT09125PR,Pro-Asp-Ile
FT07597PR,Valyltryptophan
FT04686PR,Spermic acid 2
FT01548NR,Pimelic acid
FT02658NR,Vanilpyruvic acid
FT08265NR,Enterolactone 3'-sulfate
FT03278PR,Threonylalanine
FT01286NR,omega-hydroxy enanthoic acid
FT07485PR,4-Oxoretinol
FT07458NR,21-oxo-docosanoic acid
FT11264PR,Pinane thromboxane A2
FT10282PR,"3-Oxochola-4,6-dien-24-oic Acid"
FT04639NR,Stearidonic acid
FT07449NR,Sterebin G
FT13783PR,PC(O-15:0/0:0)
FT07240NR,Carbocyclic Thromboxane A2
FT04505NR,Juniperic acid
FT10465PR,Ile-Asp-Gln
FT10754NR,"N-(3beta,7beta,dihydroxycholest-5-en-24-oyl) glycine"
FT15194PR,1-linoleoyl-sn-glycero-3-phosphocholine
FT06517NR,2-methyl-16-heptadecenoic acid
FT05852NR,"9,10-epoxy-13-oxo-11-octadecenoic acid"
FT10881PR,N-palmitoyl glutamine
FT06061PR,Threonylphenylalanine
FT05638PR,Nafagrel
FT12536NR,Taurodeoxycholic acid
FT08168PR,Yucalexin B20
FT03623NR,3-octenoylglycine
FT07275NR,Genistein 7-sulfate
FT07453PR,Palmitoylethanolamide
FT10814PR,Succinyladenosine
FT02779PR,Valylglycine
FT06063PR,Phenylalanylthreonine
FT11611PR,MG(22:6/0:0)
FT05922NR,8-nonylenic acid
FT08837NR,"(E,E)-3,7,11-Trimethyl-2,6,10-dodecatrienyl octanoate"
FT02418NR,Cladosporacid E
FT09176PR,"9-(3,4-dimethyl-5-pentylfuran-2-yl)-nonanoic acid"
FT06772NR,Candol B
FT15348NR,Soyasaponin
FT09447PR,Ala-Asp-Phe
FT13796NR,Colforsin daropate
FT10761NR,N-stearoyl tyrosine
FT05452NR,beta-D-3-Ribofuranosyluric acid
FT06597PR,Phenylalanylasparagine
FT07653PR,Yucalexin P21
FT06374PR,Tetradecyl acetate
FT06011NR,(Z)-11-Hexadecenyl formate
FT02443PR,N-Phenethylacetamide
FT04257NR,L-Valyl-L-phenylalanine
FT11468NR,"1beta,3alpha,7alpha,12alpha-Tetrahydroxy-5beta-cholestan-26-oic acid"
FT06556PR,Tyrosyl-Proline
FT05059NR,"3-Carboxy-2,3,4,9-tetrahydro-1H-pyrido[3,4-b]indole-1-propanoic acid"
FT01637PR,p-Octopamine
FT13183PR,Allocholic acid
FT06580NR,"3',4'-Trihydroxy-6,7-dimethoxyflavone"
FT11694NR,"(23S,24S)-17,23-Epoxy-24,29-dihydroxy-27-norlanost-8-ene-3,15-dione"
FT05229PR,Aspartyl-Isoleucine
FT07651NR,"20-oxo-22,23,24,25,26,27-hexanorvitamin D3"
FT01099NR,D-Lactic acid
FT06431PR,Alanyltryptophan
FT09174PR,Gly-Leu-Arg
FT07652NR,Resolvin D6
FT08910PR,13-Docosenamide
FT01030NR,L-Aspartic acid
FT03302NR,Asparaginyl-Threonine
FT04375NR,Berkeleylactone L
FT11548PR,7a-Hydroxy-cholestene-3-one
FT06138PR,Seryltyrosine
FT13438NR,Cholyllysine
FT02958NR,N-lactoyl-Methionine
FT07176PR,Phenylalanylglutamine
FT05190PR,Isovalerylcarnitine
FT02431NR,"5-Acetyl-2,4-dimethylthiazole"
FT04967NR,Scutellarein
FT08699PR,gamma-Glutamyltryptophan
FT07607PR,5-Hydroxyoctanoylcarnitine
FT02327PR,Indoleacetaldehyde
FT09273PR,2'-Adenylic acid
FT02186NR,Glycyl-Asparagine
FT03628NR,Asparaginylisoleucine
FT05184NR,3-(2-Ethyl-5-oxohexyl)phthalic acid
FT02818PR,5-(2-Aminopropyl)benzofuran
FT04993NR,Hexadecanedioic acid
FT05495PR,Serylphenylalanine
FT06503PR,9(S)-HOTrE
FT10249PR,N-stearoyl GABA
FT09423PR,11-deoxyprostaglandin E2 methyl ester
FT05994PR,"11Z,13Z-Octadecadienal"
FT01788NR,2-Ethyl-5-imino-1-cyclopenten-1-ol
FT07453NR,Eicosadienoic acid
FT06913NR,"3b,17b-Dihydroxyetiocholane"
FT04085NR,Aminofructose 6-phosphate
FT06911NR,"5,6-DHET"
FT06562PR,Leucylphenylalanine
FT04712NR,11-Octadecen-9-ynoic acid
FT04797PR,Alanylphenylalanine
FT09526PR,MG(0:0/18:3)
FT15068PR,Melezitose
FT10606PR,Val-Glu-Met
FT06931PR,dehydroabietadienol
FT09177PR,19(20)-EpDPE
FT02986NR,Monobutylphthalate
FT03866NR,"4,6-O-Ethylidene-D-glucose"
FT06502NR,"9S,10S,11R-trihydroxy-12Z,15Z-octadecadienoic acid"
FT05108NR,Val-Ala-Thr
FT02997NR,Acetaldehyde butyl phenethyl acetal
FT07036NR,"17-keto-4(Z),7(Z),10(Z),13(Z),15(E),19(Z)-Docosahexaenoic Acid"
FT04428NR,(+)-12-hydroxy-9Z-hexadecenoic acid
FT10567PR,"5,6beta-Dihydro PGI2"
FT03660PR,beta-Vatirenene
FT05498NR,N-Acetylglucosamine 6-sulfate
FT01859NR,N2-Acetylornithine
FT10089NR,N-oleoyl phenylalanine
FT02996NR,Polygonal
FT04233NR,Ser-Gly-Thr
FT08384NR,N-Linoleoyl Threonine
FT03931PR,Sedanonic acid
FT06166NR,5-KETE
FT06195NR,Ser-Ile-Thr
FT04318PR,Glycyl-Phenylalanine
FT09510PR,20-Hydroxy-leukotriene B4
FT02829NR,N-alpha-Acetyl-L-citrulline
FT01870PR,Quinaldine
FT02690NR,N-(2-Hydroxyethyl)nicotinamide
FT08468NR,N-(3-hydroxy-octadecanoyl)-homoserine lactone
FT07594NR,"13,14-Dihydro PGF-1a"
FT04146NR,Ipurolic acid
FT02985PR,Harman
FT05381NR,Enterolactone
FT04903NR,Glutamylhistidine
FT10129PR,Val-Ser-Tyr
FT05394PR,N-Acetylkynurenine
FT04427NR,8-keto palmitic acid
FT08405PR,Pro-Pro-Ile
FT05853NR,"7S,8S-DiHOTrE"
FT04194PR,N-Acetylserotonin
FT05751NR,Glutathione
FT03326NR,Glutamylserine
FT04992NR,"7-(2-hydroxypropan-2-yl)-1,4a-dimethyl-2,3,4,5,6,7,8,8a-octahydronaphthalen-1-ol"
FT11945PR,N-Oleoyl Glutamine
FT06229NR,Apo-13-zeaxanthinone
FT00729NR,Succinic acid
FT03935NR,Palmitoleic acid
FT03638PR,Serylproline
FT06447PR,4-Hydroxyhexanoycarnitine
FT08896NR,gibberellin A2
FT05719NR,Musanolone C
FT05196PR,Lysylvaline
FT09914NR,"2b,3a,7a,12a-Tetrahydroxy-5b-cholanoic acid"
FT13222PR,"(8Z,11Z,14Z,17Z)-Icosa-8,11,14,17-tetraenoylcarnitine"
FT05221PR,Methionyl-Proline
FT13308PR,LysoPE(0:0/16:1)
FT10052PR,N-Myristoyl Histidine
FT07569PR,Yucalexin B14
FT04692NR,Methionyl-Glutamate
FT01981NR,myo-Inositol
FT08572PR,"7S,8S-DiHODE"
FT08687NR,N-Arachidonoyl GABA
FT05919NR,9-hydroxy-10-oxo-12Z-octadecenoic acid
FT05514PR,"2,6,8,12-Tetramethyl-2,4-tridecadien-1-ol"
FT02075NR,3-Phosphoglyceric acid
FT12430PR,LysoPE(0:0/14:0)
FT02571NR,Oxoadipic acid
FT04132PR,Valylvaline
FT03391NR,S-Cysteinosuccinic acid
FT01856NR,Suberic acid
FT08424PR,Oleoylethanolamide
FT01940PR,N-METHYLISOLEUCINE
FT08366PR,Etonogestrel
FT01725NR,N-acetyltaurine
FT01932PR,4-Guanidinobutanoic acid
FT07233PR,Sterebin D
FT12359NR,Chenodeoxycholylthreonine
FT05984NR,"3-(1-Azatricyclo[7.3.1.05,13]trideca-5,7,9(13)-trien-7-yl)-2-cyanoprop-2-enoic acid"
FT15091PR,LysoPE(22:5/0:0)
FT01189PR,Purine
FT14347PR,N-Docosahexaenoyl Tyrosine
FT05801PR,gamma-Glutamylleucine
FT08040PR,Pro-Ser-Ile
FT10566NR,cortisol 21-sulfate
FT05665PR,5-Methylcytidine
FT10019NR,N-Linoleoyl Phenylalanine
FT10934PR,(S)-(-)-N-(alpha-methylbenzyl)-oleamide
FT03217PR,Homo-L-arginine
FT01137PR,"1,2-Diacylglycerol-LD-PI-pool"
FT09752PR,Ile-Ile-Ile
FT10386PR,Lys-Leu-Ile
FT11128PR,3alpha-Hydroxy-7-oxo-5beta-cholanic acid
FT05936PR,Curcolone
FT04787NR,"Herbertene-1,2-diol"
FT05256NR,9S-HOTrE
FT09747PR,N-(8-Amino-1-carboxyoctyl)-alanyl-proline
FT08973PR,12R-HETrE
FT07309NR,Misoprostol acid
FT04953NR,Myristoylglycine
FT08729NR,Glu-Asp-Glu
FT01620NR,Serylglycine
FT02556NR,N-Propionylmethionine
FT02696NR,Cucurbic acid
FT07851PR,"9-oxo-12,13-epoxy-10-octadecenoic acid"
FT04207PR,"4,7(11)-Guaiadien-8-one"
FT03547NR,"4-Amino-5-hydroxy-1-[(2R,5R)-4-hydroxy-5-(hydroxymethyl)oxolan-2-yl]pyrimidin-2-one"
FT08102PR,5-alpha-Dihydroprogesterone
FT04596PR,"(1xi,3xi)-1,2,3,4-Tetrahydro-1-methyl-beta-carboline-3-carboxylic acid"
FT00845NR,4-Hydroxybenzaldehyde
FT10413NR,Isoursodeoxycholic acid
FT01430NR,2-Pyrocatechuic acid
FT06295NR,"(-)-Spongiane-15,16-diol"
FT15982PR,OG-PC
FT04458PR,cis-tetradec-11-enoic acid
FT06614NR,Docosapentaenoic acid (22n-3)
FT13969PR,N-docosahexaenoyl phenylalanine
FT12741NR,PC(17:1/0:0)
FT04794NR,"9Z,11E-Octadecadienoic acid"
FT10828NR,Glycoursodeoxycholic acid
FT09275NR,"3alpha,7alpha,12alpha-Trihydroxy-5beta-chol-9(11)-en-24-oic Acid"
FT12965PR,PC(12:0/0:0)
FT09196NR,"7,12-Dioxolithocholic Acid"
FT07997PR,Cyclopropyl-methoxycarbonyl metomidate
FT03043NR,"13-Oxo-9,11-tridecadienoic acid"
FT08779NR,Lagodeoxycholic acid
FT05649NR,Arachidonic acid
FT11015NR,alpha-muricholic acid
FT01459NR,2-Chlorobenzoic acid
FT11422NR,Glycocholic acid
FT02479NR,Indolepyruvate
FT11108PR,Tryptophyl-Tryptophan
FT08425NR,ent-10-F2t-dihomo-IsoP
FT11993NR,LysoPC(15:0/0:0)
FT03160PR,Indoleacrylic acid
FT10090PR,"17R,18R-dihydroxy-14R-methoxy-5Z,8Z,11Z,15E-eicosatetraenoic acid"
FT10329PR,"Anandamide (22:6, n-3)"
FT02902NR,O-Succinyl-L-homoserine
FT09623PR,MG(18:2/0:0/0:0)
FT11741NR,Petromyzonol sulfate
FT13166NR,LysoPE(0:0/22:6)
FT01954NR,Pyrophosphate
FT15374PR,LysoPC(20:3/0:0)
FT00457NR,DL-Serine
FT08698PR,Trp-Glu
FT05152PR,N1-Acetylspermine
FT02138NR,dihydro-4-hydroxy-2oxo-indole-3-acetonitrile
FT06932PR,"8,13-Abietadien-18-al"
FT04815PR,Ambroxide
FT02315NR,Methoxyeugenol
FT03212PR,Leu-Gly
FT14064PR,Deoxycholylserine
FT05983NR,6'-Hydroxyenterolactone
FT10636PR,Asn-Val-Phe
FT16098PR,Lansioside A
FT06407PR,6-[5]-ladderane-hexanoic acid
FT08303PR,20-Hydroxyeicosatrieneoic acid
FT06643PR,Aspartylphenylalanine
FT13309PR,LysoPE(16:1/0:0)
FT03240NR,Asparaginyl-Valine
FT13802NR,Cholylphenylalanine
FT01557NR,3-Hydroxyoctanoic acid
FT11506NR,LysoPE(17:0/0:0)
FT04202NR,Glutamylaspartic acid
FT10849NR,Thr-Trp-Val
FT06843NR,PGB1
FT04036PR,"4-(2,6,6-Trimethyl-1-cyclohexenyl)-2-butanol"
FT02422NR,Dodecanoic acid
FT01969NR,Hippuric acid
FT02904NR,Serylasparagine
FT03176NR,D-Ribose 5-phosphate
FT07012NR,N-Myristoyl Isoleucine
FT10119NR,Ptilosteroid C
FT01374NR,4-Formylbenzoic acid
FT08780NR,Murideoxycholic acid
FT11852NR,PE(P-19:1/0:0)
FT05107PR,Biotin
FT06407NR,"2,3-dinor-PGE1"
FT08940PR,Glyceryl Monooleate
FT07184PR,Lysylphenylalanine
FT08186PR,1-Methylguanosine
FT06013NR,"9,13-DiHOME(10)"
FT03093NR,Myristoleic acid
FT07256NR,Asp-Thr-Asp
FT08883PR,Arginyltyrosine
FT00976NR,N-Acetyl-L-alanine
FT09705PR,"1alpha,24-dihydroxy-25,26,27-trinorvitamin D3"
FT07781PR,9-A1-PhytoP
FT08216NR,7-Hydroxycannabidiol
FT06489PR,Acetylpterosin C
FT01946PR,Spermidine
FT01096PR,Norvaline
FT02463NR,L-Leucyl-L-alanine
FT08227NR,Lithocholic acid
FT07722NR,Guanosine monophosphate
FT01561PR,4-Allylcatechol
FT01003NR,Glutaric acid
FT03348PR,S-(2-Carboxyethyl)-L-cysteine
FT07370NR,ent-11-epi-8-E2t-IsoP
FT09679PR,Arachidoyl Ethanolamide
FT09525PR,Isoraspailyne A
FT05686NR,Tryptophyl-Threonine
FT14566PR,LysoPE(20:4/0:0)
FT08955NR,N-Stearoyl Isoleucine
FT12146PR,13-Hydroxyhexadecanoylcarnitine
FT07582NR,tibolone
FT01639PR,2-Phenylacetamide
FT10462PR,secologanate
FT09788PR,Trp-Pro-Gly
FT09187NR,Asn-Pro-Glu
FT08507PR,N-palmitoyl alanine
FT14707PR,(13Z)-3-Hydroxyicos-13-enoylcarnitine
FT05624NR,N-Acetylaspartylglutamic acid
FT01618NR,3-Hydroxymethylglutaric acid
FT09059PR,Leu-Pro-Ile
FT14656PR,LysoPE(0:0/20:2)
FT05560NR,Eicosapentaenoic acid
FT04734PR,Cyclo(his-pro)
FT09294PR,Anandamide
FT04341PR,Guaiol
FT04255NR,N(2)-phenylacetyl-L-glutaminate
FT06506NR,Docosahexaenoic acid
FT06842NR,"5,15-DiHETE"
FT01925NR,"(R)-2-((S)-1,2-Dihydroxyethyl)-4,5-dihydroxyfuran-3(2H)-one"
FT12868PR,4-O-Methylmelleolide
FT01619NR,scyllo-Inositol
FT03903PR,4-(4-Methyl-3-pentenyl)-3-cyclohexene-1-carboxaldehyde
FT06275PR,Histidylvaline
FT09793PR,Ile-Ile-Asn
FT07442PR,N-Myristoyl Alanine
FT07945PR,MG(0:0/16:0)
FT04704NR,Emmotin A
FT05157NR,Hydroxyprolyl-Asparagine
FT08828NR,Norcholic acid
FT03126PR,N-(5-ACETAMIDOPENTYL)ACETAMIDE
FT01699NR,Phthalic acid
FT01580NR,Indole-3-carboxylic acid
FT07777NR,"16,16-dimethyl-PGA1"
FT12910PR,LysoPE(P-16:0/0:0)
FT06747NR,Daidzein 4'-sulfate
FT09100PR,Guggulsterone
FT03433NR,3-Carbamoyl-2-phenylpropionaldehyde
FT02570NR,3-oxo-adipic acid
FT14877PR,PC(18:3/0:0)
FT06091NR,"6Z,9Z,12Z,15Z,18Z-heneicosapentaenoic acid"
FT03239NR,Valylasparagine
FT08241PR,17(S)-HETE
FT09352NR,Ursocholic acid
FT00469NR,2-(Hydroxymethoxy)acetic acid
FT04000PR,Patulolide C
FT06910NR,"8,9-DiHETrE"
FT02873NR,Gamma-Glutamylalanine
FT06232NR,12 Hydroxy arachidonic acid
FT14968PR,Cholylisoleucine
FT10292PR,"MG(18:1-O(9S,10R)/0:0/0:0)"
FT02957PR,D-Tyrosine
FT01090PR,Indole
FT12382PR,Linoleyl carnitine
FT02381PR,"3,8-dihydroxyquinoline"
FT02539NR,"3,10-dihydroxydecanoic acid"
FT00875NR,Taurine
FT00109PR,Trimethylamine N-oxide
FT13492NR,Cholylmethionine
FT07551NR,N-Myristoyl Glutamic acid
FT03881NR,4-heptynoic acid
FT07302NR,8-iso-15-keto-PGE2
FT05245NR,Tocopheronic acid
FT02805NR,3-Hydroxydodecanoic acid
FT02691NR,Fucitol
FT07137PR,Glutamyltyrosine
FT08447PR,TRIPHENYL PHOSPHATE
FT10187PR,MG(18:2+=O/0:0/0:0)
FT16070PR,DG(LTE4/10:0/0:0)
FT07808PR,Pro-Pro-Pro
FT08671PR,9S-HpOTrE
FT07138PR,N-gamma-Glutamyl-S-propylcysteine
FT06480PR,Glutamylglutamic acid
FT07931PR,Tyrosyl-Methionine
FT04062NR,Tetradecanedioic acid
FT01665NR,xi-3-Hydroxy-2-oxobutanoic acid
FT01461NR,Orotic acid
FT11891PR,Ile-Met-Phe
FT13657PR,LysoPE(P-18:1/0:0)
FT01786NR,Tetrahydrodipicolinate
FT07436PR,Pro-Ala-Leu
FT15294PR,Deoxycholylphenylalanine
FT08301PR,15(S)-Hydroxyeicosatrienoic acid
FT02636NR,"2-Methyl-2H-1,3-benzoxazin-4(3H)-one"
FT11188NR,N-Docosahexaenoyl Methionine
FT07175NR,Allylestrenol
FT11160PR,Ile-Pro-Tyr
FT01141NR,4-Hydroxybenzoic acid
FT01526NR,N-Acetylvaline
FT09958NR,Cysteineglutathione disulfide
FT07249PR,(S)-2-Hydroxy-2-phenylacetonitrile O-b-D-allopyranoside
FT08760PR,dihydrodeoxycorticosterone
FT10841PR,Melinamide
FT02555PR,Spinacine
FT04616PR,Leu-Val
FT05923NR,"12,13,15-trihydroxy-9E-octadecenoic acid"
FT02317NR,(R)-3-Hydroxy-5-phenylpentanoic acid
FT01754PR,(1-Methyl-1h-imidazol-2-yl)-acetic acid
FT05311PR,"N-(2,4-Dinitrophenyl)ethylenediamine"
FT06086NR,12-deoxy-J2-IsoP
FT13019PR,N-Stearoyl Arginine
FT02624NR,"3,4-Dihydro-6-methoxy-2,2-dimethyl-2H-1-benzopyran-4-ol"
FT07712NR,Ethyltestosterone
FT03415NR,4-(2-Hydroxyethyl)-1-piperazineethanesulfonic acid
FT10829NR,Chenodeoxycholic acid glycine conjugate
FT02088NR,6-hydroxy-3-isopropenylheptanoic acid
FT08370PR,"methyl 15-hydroperoxy-9Z,12Z,16E-octadecatrienoate"
FT08851NR,Glu-Thr-Phe
FT09913NR,"3alpha,7alpha,12alpha,19-Tetrahydroxy-5beta-cholan-24-oic Acid"
FT14011PR,LysoPE(0:0/18:2)
FT07737PR,Ala-Ala-Phe
FT14520NR,PC(22:5/0:0)
FT05398NR,"9S,10R-epoxy-stearic acid"
FT02000PR,Cinnamamide
FT07037NR,"(4Z,7Z,11E,13Z,16Z,19Z)-10-Hydroperoxydocosahexaenoic acid"
FT02299NR,3-Hydroxy-3-phenylpentanamide
FT06709NR,Adrenic acid
FT14062PR,PE(18:1/0:0)
FT09763PR,N-Palmitoyl Threonine
FT06357NR,Alchornoic acid
FT02248PR,2-amino-muconic acid
FT10190PR,MG(18:3-OH/0:0/0:0)
FT08009NR,6-keto-PGF1alpha
FT08532PR,Val-Asn-Pro
FT10989PR,"5-Megastigmen-7-yne-3,9-diol 9-glucoside"
FT11350NR,Chenodeoxycholylalanine
FT08033PR,Oglufanide
FT01121PR,4-Methylstyrene
FT06110NR,Pro-Ser-Asp
FT02879NR,3-Hydroxysebacic acid
FT07944PR,Methyl Ricinoleate
FT06168NR,2-Hydroxy-6-(8-tridecenyl)benzoic acid
FT07746PR,4-Hydroxypenbutolol
FT01816NR,Quinaldic acid
FT08876PR,Gly-Phe-Asp
FT01243NR,Allysine
FT01801NR,2-Octenedioic acid
FT03041NR,2-Methylenecyclopropaneacetic Acid
FT07538PR,Enigmol
FT11203PR,Ile-Asn-Phe
FT04026NR,N-lauroyl glycine
FT08406PR,Isoleucyl-prolyl-proline
FT07451NR,"11,12,15-TriHETRE"
FT03556NR,L-Histidine trimethylbetaine
FT06359NR,Pentyl hexadec-12-enoate
FT07223PR,Leucyl-Tyrosine
FT02882NR,Serylisoleucine
FT05042NR,Ritipenem
FT07238PR,Methyl linoleate
FT05854NR,6-Methylgingediol
FT11249NR,Salmeterol
FT09183PR,"Methyl 4,7,10,13,16-docosapentaenoate"
FT11519PR,Pro-Trp-Val
FT03010NR,Plantagonine
FT09790PR,"5,20-DiHETE"
FT03490NR,(S)-2-Acetamido-3-(4-chlorophenyl)propanoic acid
FT10196PR,alpha-N-(3-hydroxy-14-methyl-pentadecanoyl)-ornithine
FT04994NR,Auberganol
FT11396PR,N-ethyl N-(2-hydroxy-ethyl) arachidonoyl amine
FT08088PR,Gly-Leu-Gln
FT07108NR,(+/-)-13-HDoHE
FT01842NR,Dehydroascorbic acid
FT11888PR,Glu-Asp-Phe
FT02911PR,Methyl l-phenylalaninate
FT13327PR,"(8Z,11Z)-Icosa-8,11-dienoylcarnitine"
FT05323PR,Valylmethionine
FT03127NR,Alaptide
FT10465NR,LysoPE(O-16:0/0:0)
FT07974PR,Decenoylcarnitine
FT03825PR,"(2R,2'S)-Isobuteine"
FT10470PR,5-epi-5-iso-LGD2
FT16023PR,PA(18:1-O/12:0)
FT08023NR,3-Methyl-3-butenyl hexadecanoate
FT06186NR,Tryptophyl-Aspartate
FT11085PR,"(3R, 6'Z)-3,4-Dihydro-8-hydroxy-3-(6-pentadecenyl)-1H-2-benzopyran-1-one"
FT03596NR,Leucylleucine
FT00698PR,1-Aminocyclopropanecarboxylic acid
FT08782PR,Tryptophyl-Methionine
FT07855NR,Beta-Cortolone
FT03706NR,Threoninyl-Gamma-glutamate
FT02229NR,5R-Hydroxy-4S-methylheptan-3-one
FT12535NR,Taurochenodesoxycholic acid
FT02523PR,1-Methylxanthine
FT08139PR,N-methyl arachidonoyl amine
FT01971PR,Benzylideneacetone
FT13344NR,Ponatinib
FT02346NR,5-Dodecen-11-olide
FT08178PR,11E-Eicosen-1-ol
FT04813NR,4-Hydroxyphenylacetylglutamic acid
FT10266NR,"3beta,5beta,14beta,16beta-19-pentahydroxy-bufa-20,22-dienolide"
FT05072NR,"8-hydroxy-13,17-octadecadiene-9,11-diynoic acid"
FT05401NR,Ricinoleic acid
FT08196PR,Kyotorphin
FT12337PR,Lys-Leu-Tyr
FT03116PR,Valylserine
FT06575PR,"estrane-3alpha,17alpha-diol"
FT01004NR,L-Asparagine
FT06650PR,H-Val-Tyr-OH
FT04274NR,Anisomycin
FT07585NR,Cannabidiolic acid
FT10492PR,15-Oxo-5beta-cholan-24-oic Acid
FT08146NR,"11,12-Dimethylrosmanol"
FT01152PR,Indoline
FT05597PR,"4-[(2,4-Dihydroxy-3,3-dimethylbutanoyl)amino]butanoic acid"
FT08602PR,11beta-Hydroxyprogesterone
FT07219PR,"4-[(E)-5,6-Dihydro-2,3'-bipyridin-3(4H)-ylidenemethyl]-3-methoxyphenol"
FT13902NR,LysoPC(18:4/0:0)
FT02828NR,Alanylglutamine
FT07341PR,Phenethylamine glucuronide
FT10469PR,8-oxo-Resolvin D1
FT04833NR,"Inosine,2',3'-dideoxy-"
FT05683NR,Ser-Pro-Gly
FT05015PR,Glutamylleucine
FT02257NR,4-Acetamidobutanoic acid
FT07658NR,"9Z,12Z,15Z,18Z-Tetracosatetraenoic acid"
FT04474NR,Naringenin
FT06188NR,Pro-Gly-Thr
FT02081NR,gamma-Glutamylglycine
FT03816NR,Mumiamicin
FT07369NR,ent-PGE2
FT07331NR,Imazamox
FT02857NR,Glycerol 3-phosphate
FT03146NR,HHPAA sulfate
FT09513PR,Cinncassiol D4
FT13154PR,4-Hydroxynonenal glutathione
FT11106PR,Trp-Gly-Glu
FT11488PR,"12beta-hydroxy-24-norcholesta-1,4,22E-trien-3-one"
FT13602NR,LysoPS(20:4/0:0)
FT07713NR,Protectin D1n-3 DPA
FT09417PR,15-dehydro-prostaglandin I2
FT11244PR,Leu-Val-Tyr
FT09764PR,10-Methyldodecanoylcarnitine
FT00945PR,Uracil
FT06448PR,3-Hydroxyhexanoylcarnitine
FT03303PR,"(E)-5-(3,4,5,6-Tetrahydro-3-pyridylidenemethyl)-2-furanmethanol"
FT11685PR,"3alpha-Hydroxy-1,7-dioxo-5beta-cholan-24-oic Acid"
FT11974PR,N-Linoleoyl Methionine
FT10088PR,15-methyl-15R-PGE2
FT03263NR,Indole-3-acetylglycine
FT00281PR,Piperidine
FT03572NR,Mimosine
FT02942NR,Precocene II
FT03333NR,"1-(1,3-Benzodioxol-5-yl)-4,4-dimethyl-1-penten-3-ol"
FT08634NR,Gln-Val-Pro
FT01056NR,Malic acid
FT07008PR,"D-Homo-A-nor-17a-oxaandrost-3(5)-ene-2,17-dione"
FT06396NR,tyrosine-tyrosinate
FT14206PR,N-Docosahexaenoyl Arginine
FT08559PR,Asp-Pro-Val
FT10363PR,"5,6,18-triHEPE"
FT00526NR,Methylphosphate
FT02987NR,Carboxyethyl-hydroxychroman
FT10285NR,"3alpha,7alpha-Dihydroxycoprostanic acid"
FT09226PR,"2,4,12-Octadecatrienoic acid piperidide"
FT14400PR,LysoPE(P-20:0/0:0)
FT09105PR,Docosahexaenoic Acid methyl ester
FT07494NR,N-Palmitoyl Valine
FT15526PR,PE(22:1/0:0)
FT09342PR,"11(E)-(3,4-dimethyl-5-(pent-1-en-1-yl)furan-2-yl)-undecanoic acid"
FT05594NR,N-(N-(3-Amino-3-carboxypropyl)-3-amino-3-carboxypropyl)azetidine-2-carboxylic acid
FT05474NR,Dehydroabietic acid
FT08082NR,Androstanediol 17-sulfate
FT13583PR,Z-Leu-Leu-Norvalinal
FT15316PR,LysoPC(20:5/0:0)
FT06871NR,Ala-Phe-Thr
FT13517PR,18-acetoxy-1alpha-hydroxyvitamin D3
FT01837PR,Ectoine
FT07654PR,(-)-Isoamijiol
FT04311NR,Humulinic acid A
FT03378NR,Indantadol
FT15487PR,Chenodeoxycholyl-L-dopa
FT02036NR,Trigonelline
FT04563NR,"5-(Hexahydro-2-oxo-1H-thieno[3,4-D]imidazol-6-YL)pentanal"
FT03267NR,Threonylhydroxyproline
FT05404NR,5-Hexyltetrahydro-2-furanoctanoic acid
FT13374NR,Vicriviroc
FT03480NR,"7,8-Dehydro-3,4-dihydro-beta-ionol"
FT11550PR,22-Hydroxyvitamin D3
FT05843NR,gamma-Glutamyltyrosine
FT11113PR,Ser-Val-Trp
FT06096NR,1-O-(2R-hydroxy-4Z-pentadecenyl)-sn-glycerol
FT01075NR,FAPy-adenine
FT07719PR,"ent-16b-Kauran-16,19-diol"
FT02274NR,"2,10-dihydroxy-4,6,8-decatriynoic acid"
FT02056PR,1-Methyladenine
FT06726NR,N-Ribosylhistidine
FT08284NR,"5Z,13Z,16Z,19Z-Docosatetraenoic acid"
FT05108PR,Indolylacryloylglycine
FT05496PR,Tyrosyl-Alanine
FT03629NR,Ile-Asn
FT13664PR,Protometagenin
FT04421PR,2-Decylfuran
FT06912NR,"8R,9S-cis-epoxy-10S-hydroxy-eicosa-11Z,14Z-dienoic acid."
FT11127PR,Hyocholic acid
FT05598NR,Pro-Thr-Ser
FT12552NR,N-hexacosanoylglycine
FT08348NR,Lycopersiconol
FT06012NR,"12,13-DiHOME"
FT07786PR,"8-methoxy-13-hydroxy-9,11-octadecadienoic acid"
FT02343NR,Hydroxytyrosol Acetate
FT11417PR,15-oxo-18Z-tetracosenoic acid
FT03162PR,Indole-3-lactic acid
FT13801NR,Deoxycholyltyrosine
FT04472PR,Cytosine deoxyribonucleoside
FT13335NR,LysoPC(19:3/0:0)
FT15069PR,6-Kestose
FT10893PR,N-Palmitoyl Lysine
FT08427NR,unoprostone
FT05596NR,Ala-Val-Asp
FT02143NR,"Tetrahydro-2,5-furan-diacetic acid"
FT03784PR,Glycyl-Methionine
FT01154NR,Paramethadione
FT05048PR,N-Acetylgalactosamine
FT05375NR,Nebularine
FT11120PR,Treprostinil
FT01970NR,Indoxyl
FT15556PR,LysoPE(22:0/0:0)
FT08849PR,Bicyclo Prostaglandin E1
FT07885NR,Ser-Phe-Asp
FT03646PR,N-Acetylisoputreanine
FT09869PR,Arginyltryptophan
FT03045NR,"10Z,12E-tetradecadienoic acid"
FT01151PR,2-Amino-1-phenylethanol
FT16000PR,Am-LPE(18:0/0:0)
FT15118NR,Chenodeoxycholic acid
FT09821PR,Pro-Leu-Met
FT08533NR,N-Oleoyl Cysteine
FT00741NR,2-Hydroxy-3-methylbutyric acid
FT07857PR,13(S)-HODE methyl ester
FT07367NR,5-hydroperoxy-15-HETE
FT06411NR,Epoxydocosapentaenoic acid
FT01632PR,Adenine
FT05617PR,Palmitamide
FT07965PR,epsilon-(gamma-Glutamyl)lysine
FT03928NR,Aldosine
FT00620NR,Fumaric acid
FT09940PR,Glu-Lys-Ser
FT02518NR,2-(2-Hydroxyethyl)-4-oxohexanedioic acid
FT02691PR,4-Hydroxy-1H-indole-3-acetonitrile
FT06253NR,Trp-Ala
FT14657PR,PC(17:2/0:0)
FT06332PR,19-Norandrostenedione
FT05687NR,Trp-Thr
FT06901PR,D-erythro-Sphingosine C-17
FT04003PR,Brivaracetam
FT09237PR,3-Epinobilin
FT06409NR,delta14-10-PhytoF
FT01669NR,Phenylpyruvic acid
FT05941PR,N-Desmethylvenlafaxine
FT04709NR,"7-hydroxy-10E,16-heptadecadien-8-ynoic acid"
FT12813PR,"4-Amino-5-methylamino-2',7'-difluorescein"
FT09163PR,(-)-erythro-Anethole glycol 2-glucoside
FT07468NR,5-methylthiopentyldesulfoglucosinolate
FT03937PR,"3E,5E-tridecadienoic acid"
FT11651NR,"(4Z,7Z)-Hexadeca-4,7-dienedioylcarnitine"
FT07013NR,N-palmitoyl GABA
FT11497PR,O-palmitoylcarnitine
FT10760PR,N-Stearoyl Proline
FT10335NR,"3beta,12alpha-Dihydroxychol-5-en-24-oic Acid"
FT11850NR,"(5Z)-7-[(1R,2E,5S)-5-Hydroxy-2-[(2E)-oct-2-en-1-ylidene]-3-oxocyclopentyl]hept-5-enoylcarnitine"
FT00699PR,t-4-AMINOCROTONIC ACID (TACA)
FT05028NR,Ala-Val-Val
FT08304PR,5S-HETrE
FT05132NR,Argininosuccinic acid
FT04056PR,Harmaline
FT06328NR,Uridine 5'-monophosphate
FT01788PR,Allylisopropylacetamide
FT06561PR,Dibutyl phthalate
FT05543PR,N-LAUROYLSARCOSINE
FT09949PR,"24-Nor-5beta-chol-22-ene-3alpha,7alpha,12alpha-triol"
FT01838PR,Piracetam
FT01418PR,Polylysine
FT05418NR,Phosphopantothenic acid
FT08665NR,Asp-Pro-Ile
FT06813NR,Glucose pyruvate lactate
FT06351NR,Dinor-PGD2
FT01854NR,"4-(3,4-Methylenedioxyphenyl)-2-butanone"
FT11290PR,"MG(0:0/20:3-O(11S,12R)/0:0)"
FT01168NR,O-Phosphoethanolamine
FT04214NR,Leucyl-Methionine
FT10820PR,Phe-Ala-Phe
FT04301PR,3-(1-(Dimethylamino)-2-methylpentan-3-yl)phenol
FT12255PR,N-palmitoyl tyrosine
FT13394PR,Acar(20:1)
FT09435NR,D-beta-Tocotrienol
FT09450PR,H-Phe-Trp-OH
FT05293PR,Indenolol
FT04360NR,Allopurinol riboside
FT04679PR,Valylaspartic acid
FT14081PR,4'-Methylepicatechin 5-glucuronide
FT07488PR,13-cis-Retinoic acid
FT07262NR,Pro-Phe-Ser
FT09719PR,N-Myristoyl Lysine
FT10181PR,Thromboxane B3
FT13214PR,Glycohyocholic acid
FT07778PR,Dihydrocapsiate
FT11114PR,TXB3
FT00977NR,4-Hydroxyproline
FT06945PR,2-(2-Phenylacetoxy)propionylglycine
FT08239NR,Alitame
FT10234PR,N-Stearoyl Cysteine
FT12801NR,LysoPE(20:0/0:0)
FT07617PR,t17:0 phytosphingosine
FT07709PR,N1-trans-Feruloylagmatine
FT11681NR,SDCA-Sulfodeoxycholic acid
FT00982PR,3-Methyl-2-cyclopenten-1-one
FT08442NR,Lilaline
FT11215PR,"MG(0:0/18:1-O(9S,10R)/0:0)"
FT02161NR,3-Hydroxycapric acid
FT10113PR,3-Deoxy-25-hydroxyvitamin D3
FT09465PR,"PGE2 1,15-lactone"
FT11178PR,D8'-Merulinic acid C
FT01915PR,N-Acetylcadaverine
FT02793NR,Pro-Thr
FT11763PR,Phe-Ile-Lys
FT06923PR,"3-(2-Butynyl)-5-methyl-2-(piperazin-1-yl)-3,5-dihydroimidazo[4,5-d]pyridazin-4-one"
FT04265PR,2-[3]-ladderane ethanoic acid
FT12214PR,Val-Asp-Trp
FT10089PR,Prostaglandin E2 methyl ester
FT07757NR,fluvoxamino acid
FT10189PR,6-deoxyerythronolide B
FT15090PR,LysoPE(0:0/22:5)
FT08780PR,Berberine
FT03434NR,m-Methylhippuric acid
FT07821NR,N-Linoleoyl GABA
FT10123NR,Ingenol mebutate
FT13087PR,"(5Z,7E,24aE)-(1S,3R)-24a,24b-dihomo-9,10-seco-5,7,10(19),24a-cholestatetraene-1,3,25-triol"
FT07852PR,Desogestrel
FT10197NR,"3beta,5beta,14beta,16beta-tetrahydroxy-19-oxo-bufa-20,22-dienolide"
FT06320NR,Phe-Gly-Thr
FT06141PR,Nafazatrom
FT11166PR,N-Arachidonoyl Serine
FT11740NR,Lucidenic acid L
FT09924PR,"23-hydroxy-24,25,26,27-tetranorvitamin D3"
FT03330NR,"(10S,11S)-Pterosin C"
FT07682PR,Isoxeniaphyllenol
FT07709NR,"11beta,20-Dihydroxy-3-oxopregn-4-en-21-oic acid"
FT04735NR,Asparaginyl-Phenylalanine
FT04286NR,beta-L-Arabinose 1-phosphate
FT10111PR,"27-nor-(24R)-methylcholest-5,22E-dien-3beta-ol"
FT05562NR,20-Hydroxyeicosatetraenoic acid
FT11371PR,alpha-N-(3-hydroxyoctadecanoyl)-L-ornithine
FT07080NR,N-Palmitoyl Serine
FT07426NR,dUMP
FT15365PR,LysoPS(18:1/0:0)
FT07531PR,Sinulobatin B
FT11592NR,1-(2-methoxy-hexadecanyl)-sn-glycero-3-phosphoethanolamine
FT14393PR,PE(19:1/0:0)
FT08676PR,oxymetholone
FT08609PR,Icosapent Ethyl
FT05118PR,"Polyethylene, oxidized"
FT02027NR,Carcinine
FT05683PR,"(1S,2S)-3-oxo-2-pentyl-cyclopentanebutanoic acid"
FT07152PR,"8-hydroxy-10,12-octadecadiynoic acid"
FT04579PR,"4-(3-Hydroxybutyl)-3,3,5-trimethylcyclohexanone"
FT06434NR,N-(1-Deoxy-1-fructosyl)phenylalanine
FT01500NR,Allantoin
FT02487NR,Asparaginylalanine
FT01571PR,D(+)-Carvone
FT13733PR,Convallagenin  A
FT06113NR,Tryptophylhydroxyproline
FT04104NR,Leucyl-Glutamine
FT05125NR,Oritin-4beta-ol
FT06228NR,5'-Carboxy-alpha-tocopherol
FT08806PR,5alpha-Pregnan-20alpha-ol-3-one
FT09415PR,5S-Hp-18R-HEPE
FT00095NR,Phosphate
FT12069PR,3-MethylHexadecanoylcarnitine
FT08432NR,"11Z,19-Eicosadienyl acetate"
FT14407PR,Protopanaxatriol
FT04916NR,Muricatacin
FT07140NR,Thr-Ile-Leu
FT04043NR,Thysanone
FT13402NR,Neriifolin
FT09523PR,MG(18:3/0:0/0:0)
FT10563PR,Asn-Pro-Phe
FT10687PR,N-Linoleoyl Valine
FT09909PR,4-Hydroxydecanedioylcarnitine
FT07243NR,5-Heptadecylresorcinol
FT03819NR,Deoxydihydro-artemisinin
FT03050NR,Adrenochrome
FT05243NR,Aspartame
FT13166PR,N-oleoyl tyrosine
FT01303NR,L-4-Hydroxyglutamate semialdehyde
FT08542PR,Lauroyl lysine
FT08324PR,Val-Ala-Ile
FT08276NR,PGJ3
FT07177PR,Gly-Phe-Ala
FT10216PR,Amisulpride
FT14219NR,1-(2-methoxy-6Z-octadecenyl)-sn-glycero-3-phosphoserine
FT05618PR,Muscone
FT03818PR,DL-O-Phosphoserine
FT01962NR,2-Methoxycinnamic acid
FT12496PR,1alpha-hydroxy-24-methylvitamin D2
FT11508NR,LysoPC(14:0/0:0)
FT09739PR,2-Methoxyacetaminophen glucuronide
FT09422PR,Avocadene 2-acetate
FT07856PR,METHOPRENE (S)
FT03194NR,"(4S,8R)-8,9-Dihydroxy-p-menth-1(6)-en-2-one"
FT08299PR,12(S)-HETrE
FT14025PR,2-Deoxy-25-Methyldolichosterone
FT02017NR,3-Methyluric acid
FT08357PR,"1,2-Diphenyl-3,5-dioxo-4-(3-hydroxybutyl)pyrazolidine"
FT01626NR,3R-Hydroxyhexan-2-one
FT07103PR,"(1xi,3S)-1,2,3,4-Tetrahydro-1-methyl-beta-carboline-1,3-dicarboxylic acid"
FT05324PR,Methionyl-Valine
FT04054PR,"9-Amino-1,2,3,4-tetrahydroacridin-2-ol"
FT08117PR,Hydroxyprolyl-Tryptophan
FT04197PR,Carboxyethyllysine
FT07857NR,Cortolone
FT13631PR,MG(24:1/0:0)
FT01245NR,L-trans-5-Hydroxy-2-piperidinecarboxylic acid
FT02886PR,1-hydroxy-5-phenyl-3-pentanone
FT04699NR,Aminoglutethimide
FT08157PR,Fluvoxamine
FT09672PR,Hippobutenolide A
FT05181PR,Valylglutamine
FT10271NR,3alpha-Hydroxy-15-oxo-5beta-chol-8-en-24-oic Acid
FT01775NR,(Z)-2-Decenoic acid
FT05728NR,Tryptophan butyl ester
FT08338PR,plaunotol
FT07917PR,2E-Phytenal
FT06255NR,Val-Gly-Phe
FT09271NR,12-Ketochenodeoxycholic acid
FT10065PR,linoleoylcholine
FT07892PR,PsiAalpha
FT02671NR,Traumatic acid
FT01519NR,L-trans-alpha-Amino-2-carboxycyclopropaneacetic acid
FT03659PR,Cuparene
FT04356NR,"3,4-Dihydro-8-hydroxy-3-(3-hydroxy-4-methoxyphenyl)-1H-2-benzopyran-1-one"
FT04174NR,7-hydroxyoct-7-enoylglycine
FT08222NR,"22-hydroxy-23,24,25,26,27-pentanorvitamin D3"
FT04761NR,Pseudouridine
FT05961NR,Pro-Val-Val
FT07315NR,pregnan-21-ol
FT06170NR,gamma-Camphorene
FT07593NR,Val-Lys-Leu
FT12215PR,Ile-Thr-Trp
FT09246PR,19-Hydroxydeoxycorticosterone
FT03437PR,N-Acetylasparagine
FT14207PR,Janohigenin 21-0
FT01418NR,3-Sulfinoalanine
FT05319PR,Threonylglutamic acid
FT08339PR,Sagittariol
FT05750PR,D-Glucosamine-6-phosphate
FT02136NR,"2-amino-3,7-dideoxy-D-threo-hept-6-ulosonate"
FT01454NR,"3-Ethyl-5-hydroxy-4,5-dimethyl-pyrrolin-2-one"
FT00962NR,Ketoleucine
FT02794NR,"N2,N5-Diacetylornithine"
FT06732NR,Val-Asp-Thr
FT08464PR,medroxyprogesterone
FT09466PR,Crispanone
FT02239NR,"2,4-Thiazolidinedicarboxylic acid, 2-methyl-"
FT09699PR,Pro-Lys-Leu
FT09741PR,Val-Ala-Phe
FT04913PR,Isokobusone
FT03465NR,7-Hydroxyflavanone
FT07300NR,PGG2
FT07669NR,Avenanthramide A2
FT06205PR,"1,16-Heptadecadien-3-one"
FT15195PR,LysoPE(22:2/0:0)
FT14876PR,LysoPC(16:0/0:0)
FT03203PR,N-Acetylglutamine
FT05437NR,N-hexanoyl histidine
FT07043NR,13-Cyclohexyltridecanoic acid
FT10400NR,Penicildione D
FT09551PR,Ser-Thr-Phe
FT03177PR,(2S)-6-Amino-2-(2-iminoethylamino)hexanoic Acid
FT02175PR,Alpha-Terpineol
FT09860NR,"3alpha,6alpha,12alpha-Trihydroxy-7-oxo-5beta-cholan-24-oic Acid"
FT14177PR,TetraHCA
FT09234PR,Miraxanthin-V
FT11116PR,Neoquassin
FT03662NR,"5,6-Dihydrouridine"
FT09365PR,Phe-Ala-Ile
FT02482PR,7-Methylguanine
FT08089NR,cholacalcioic acid
FT06472NR,Dihydromelilotoside
FT11735PR,N-stearoyl valine
FT05854PR,Lotaustralin
FT07677NR,Pro-Thr-Val
FT06203PR,9Z-Heptadecenal
FT01724PR,6-Hydroxynicotinic acid
FT14390PR,Cytochalasin H
FT14070PR,"2,6,10,14-tetramethylpentadecanoylcarnitine"
FT06349NR,Dinor-PGE2
FT08930PR,"11,12-DiHETrE"
FT07114NR,17-phenyl-13E-heptadecenoic acid
FT03934NR,Petroraspailyne B1
FT02381NR,Harmol
FT06152PR,Corey PG-Lactone Diol
FT09224PR,N-propyl arachidonoyl amine
FT07853NR,Annoglabasin E
FT06292PR,Oxacycloheptadecan-2-one
FT08145PR,"1,4-Benzothiazine-O-quinonimine"
FT04567NR,Glutaminylglutamine
FT07675PR,Ser-Ile-Ser
FT11978PR,"(6,12)-11-Hydroxyhexadecadienoylcarnitine"
FT04942NR,N-Benzoyl-L-tyrosine
FT04821PR,sn-glycero-3-Phosphoethanolamine
FT03838NR,4-Hydroxy-3-methoxy-cinnamoylglycine
FT06105PR,Arborine
FT05237PR,Lenticin
FT00446NR,3-Hydroxybutyric acid
FT12785PR,manoalide
FT01297PR,Tropine
FT04971PR,3'-Amino-3'-deoxythimidine
FT01549NR,3-Amino-2-piperidinone
FT08885NR,"8-Chloro-10-[3-(dimethylamino)propyl]phenothiazine-2,3-diol"
FT04875NR,Histidylglutamine
FT02625NR,Coronafacic acid
FT12199PR,N-Arachidonoyl Isoleucine
FT13167PR,"25-Hydroxyvitamin D3-26,23-lactone"
FT04659NR,Glutaminylmethionine
FT05877NR,Agaritinal
FT07143PR,Fusarochromanone
FT10706NR,Methyl 2-[(3-carbamimidoylphenyl)methyl]-3-[4-(1-oxo-1lambda~5~-pyridin-4-yl)benzamido]butanoate
FT01712NR,Desaminotyrosine
FT06646NR,Gly-Pro-Ile
FT03034NR,ANTHRACENE
FT02637PR,delta-Decalactone
FT09828PR,"16,17-epoxy-DHA"
FT11447PR,N-Stearoyl Asparagine
FT01686NR,Ethyl 2-aminobenzoate
FT06283NR,N6-cis-p-Coumaroylserotonin
FT03844NR,"1-(2,3-Dihydro-1H-pyrrolizin-5-yl)-1,4-pentanedione"
FT09327PR,"12,17"
FT07154PR,9H-12(13)-EpODE
FT14597NR,"Farrerol 5,7-di-O-glucoside"
FT07943PR,1-O-(2R-hydroxy-4Z-hexadecenyl)-sn-glycerol
FT09968PR,Isocorydine
FT07366NR,5-epi-5-iso-LGE2
FT05606NR,(2S)-2-Amino-6-[(3-formylpiperidin-1-yl)amino]hexanoic acid
FT05502PR,Talaromycin A
FT03336NR,Dehydrocurdione
FT07751NR,Hesperetin 5-sulfate
FT14233NR,DG(17:2/18:1/0:0)[iso2]
FT04918PR,N-Dodecylsarcosinate
FT04068NR,2-hydroxy-pentadecanoic acid
FT13532PR,"(9Z,11E,13Z)-Octadeca-9,11,13-trienoylcarnitine"
FT05276PR,Malonylcarnitine
FT07177NR,Siderol
FT03820NR,Norambreinolide
FT14610NR,POB-PC
FT07314PR,Octadecanedioic acid
FT08463PR,"4Z,7Z,9E,11E,13Z,16Z,19Z-docosaheptaenoic acid"
FT01480NR,"2,4-Dihydroxypyridine"
FT06926PR,"8,11,14-nonadecatriynoic acid"
FT13224PR,"3,7-Dioxo-5alpha-cholestan-26-oic acid"
FT10015NR,"(10Z,12E)-Pentadeca-10,12-dienoylcarnitine"
FT04786NR,Prehumulinic acid
FT08278NR,Carnosic acid
FT08827NR,Bixin
FT03950PR,AminoDHQ
FT07934NR,15-methyl-15S-PGE1
FT06292NR,(S)-[8]-Gingerol
FT03701NR,Aspartyl-Asparagine
FT08060PR,Dehydrophytosphingosine
FT12817PR,3'-Hydroxysimvastatin
FT05177PR,Asperitaconic acid C
FT09898NR,N-Nervonoyl Glycine
FT05191PR,"(-)-12-hydroxy-9,10-dihydrojasmonic acid"
FT05246PR,"12-Oxo-2,3-dinor-10,15-phytodienoic acid"
FT03327NR,Coixinden B
FT07226NR,"1,1,1-Tri(butyryloxy)propane"
FT02383PR,S-Allylcysteine
FT07754PR,Geranylgeraniol
FT05941NR,Benorilate
FT00659NR,Acetylglycine
FT08902NR,"(Z)-7-[(1R,3R)-3-Hydroxy-2-[(1E,3S,5Z)-3-hydroxyocta-1,5-dienyl]-5-oxocyclopentyl]hept-5-enoic acid"
FT03661NR,Aspartylhydroxyproline
FT08636PR,Ile-Ile-Ser
FT02816PR,"4,7-Dioxoheptanoic acid"
FT08601PR,"3beta,15beta,17alpha-Trihydroxy-pregnenone"
FT08018NR,"13-Labdene-2,8,15-triol (ent-2a,8a,13E)-form)"
FT08132PR,Tetrahydrobungeanool
FT08892NR,Gamma-Mangostin
FT09129NR,Pro-Gln-Ile
FT03988NR,2-(p-Acetamidophenyl)-2-ethylglutarimide
FT02961PR,Enol-phenylpyruvate
FT01853NR,n-formimidoyl-glutamic acid
FT01671NR,Digitoxic acid
FT06586NR,Isoamericanol A
FT02956NR,Methyl dioxindole-3-acetate
FT08816PR,"2-amino-14,16-dimethyloctadecan-3-ol"
FT04991PR,8Z-Pentadecen-2-one
FT07054PR,Hydroxy-Gamma-Sanshool
FT08646PR,N-ethyl arachidonoyl amine
FT09483NR,N-(3-hydroxy-eicosanoyl)-homoserine lactone
FT02162NR,10-Hydroxydecanoic acid
FT06696PR,Ala-Ala-Val
FT16017PR,PHODA-PE
FT12277PR,Sibrafiban
FT05137PR,Leucyl-Isoleucine
FT02045PR,Penicillamine
FT13673NR,Microdiscusol G
FT06599NR,delta6-Dehydroferruginol
FT07191NR,Ala-Glu-Glu
FT01805NR,(+)-(4S)-(2E)-4-hydroxy-2-nonenoic acid
FT11457NR,Sorbitan stearate
FT00810NR,"(S)-3,4-Dihydroxybutyric acid"
FT07067NR,N-trans-Feruloyl-3-methoxytyramine
FT09144PR,Avocadyne 2-acetate
FT04452PR,"1,8-Diazacyclotetradecane-2,9-dione"
FT08857PR,MG(18:2/0:0)
FT08175NR,Pro-Pro-Tyr
FT05455NR,Dimethyl fukiic acid
FT06587NR,Americanol
FT05786NR,Nopalinic acid
FT08736NR,Met-Glu-Ile
FT07587NR,Gln-Val-Leu
FT04411NR,Diphenylhydantoic acid
FT07787PR,5-(2R-hydroxy-tridecyl)resorcinol
FT01082PR,Guanidoacetic acid
FT08349NR,Enisoprost
FT02160NR,2-Hydroxydecanoic acid
FT12916NR,Exodeconolide D
FT09244PR,7'-Carboxy-alpha-tocotrienol
FT08086NR,Zooxanthellactone
FT08499PR,undec-10-enoylcarnitine
FT06469NR,"9-hydroxy-7E-Nonene-3,5-diynoic acid"
FT02405NR,4-Vinylphenol sulfate
FT08345NR,"PGF3alpha-1,15-lactone"
FT03894PR,N-Heptanoylglycine
FT05798NR,5-(1-hydroxypropan-2-yl)isolongifol-5-ene
FT05187NR,"4Z,7Z,9E,11E,13Z-hexadecapentaenoic acid"
FT06756NR,"Valine, 3-mercapto-N-((5-oxo-2-(phenylmethyl)-4(5H)-oxazolylidene)methyl)-"
FT04574PR,9Z-traumatiin
FT10929PR,Pentadecanoylcarnitine
FT11192NR,N-Docosahexaenoyl GABA
FT06141NR,"7,8,4'-Trihydroxyflavanone"
FT04879NR,N-(dodecanoyl)-homoserine lactone
FT04832PR,"6,7-Dimethoxy-1,2,3,4-tetrahydroisoquinoline-3-carboxylic acid"
FT12605PR,"1alpha,25-dihydroxy-23,23,24,24-tetradehydrovitamin D3"
FT08976PR,Oleoyl glycine
FT03076NR,Methionine sulfoximine
FT06097NR,2-methyl-octanoic acid
FT06077PR,9-cis-Retinal
FT10014PR,"methyl 10,13-dihydroxy-9-oxo-11-octadecenoate"
FT10059NR,"(6S)-6,19-ethano-25-hydroxy-6,19-dihydrovitamin D3"
FT01963NR,5-Phenylvaleric acid
FT10016PR,6-O-Acetylaustroinulin
FT07119PR,Penbutolol
FT04211NR,Enokipodin D
FT09145PR,Dodecanoylcarnitine
FT14496PR,Adrenoylcarnitine
FT02771NR,Dihydroxyacetone phosphate
FT05981NR,Cysteinyl-Phenylalanine
FT04177NR,Gly-Ser-Val
FT07358NR,Asn-Tyr-Gly
FT09472PR,ent-16beta-Methoxy-19-kauranoic acid
FT12212NR,Etomidate
FT06928PR,Cannabidivarin
FT00482NR,"3,5-Dimethyl-1,2-cyclopentanedione"
FT05332NR,"9,10-Epoxy-18-hydroxy-octadecanoic acid"
FT02804PR,Guanidinosuccinic acid
FT03646NR,D-Erythrose 4-phosphate
FT06979NR,"11,13-dimethoxy-12-hydroxy-9-octadecenoic acid"
FT02025NR,(?¡À)-erythro-Anethole glycol
FT08133PR,Linoleyl hydroxamic acid
FT02154NR,Gly-Ile
FT03050PR,3h-Phenylalanine
FT07255PR,Solanolone
FT08637NR,Litchioside C
FT08674PR,"7beta,12alpha-Dihydroxykaurenolide"
FT01636PR,Dopamine
FT10132NR,7alpha-hydroxy-3-oxocholest-4-en-27-oic acid
FT02538PR,Undecylenic acid
FT08985NR,Persediene
FT01244NR,Isobutyrylglycine
FT10852NR,Strophanthidin
FT07973NR,Linoleoyl ethanolamide
FT04849NR,MG(0:0/14:1)
FT06567PR,Panaxytriol
FT05549NR,Gly-Gln-Val
FT09946PR,"7,8-DiHDPE"
FT08417NR,MG(0:0/5-iso PGF2VI/0:0)
FT06780NR,Sulotroban
FT09881PR,MG(20:4/0:0)
FT12201PR,"(17E)-1alpha,25-dihydroxy-17,20-didehydro-21-norvitamin D3"
FT13788PR,"3alpha,7alpha,24-Trihydroxy-5beta-cholestan-26-oic acid"
FT13172PR,4alpha-carboxy-zymosterol
FT08435PR,"9R,10S-Epoxy-6Z-heneicosene"
FT02311NR,Citramalic acid
FT04412PR,Glutaminylproline
FT00527NR,Gamma-delta-Dioxovaleric acid
FT08096PR,"(4Z,9a)-9-(3-Methyl-2-butenoyloxy)-4,10(14)-oplopadien-3-one"
FT04720PR,"1,10-Oxidocalamenene"
FT07680PR,"all-trans-13,14-dihydroretinol"
FT10709PR,"9,13-dihydroxy-12-ethoxy-10-octadecenoic acid"
FT12032NR,"(25S)-5alpha-cholestan-3beta,4beta,6alpha,7alpha,8beta,15beta,16beta,26-octol"
FT10095NR,11-Hydroxyheptadecanoylcarnitine
FT14298NR,PC(16:0/6:0)
FT12307PR,"3alpha,12alpha-Dihydroxy-15-oxo-5beta-chol-8(14)-en-24-oic Acid"
FT04798PR,N-Acetyl-5-methoxykynuramine
FT07333NR,Cetraxate
FT02345PR,3-amino-octanoic acid
FT14942PR,Hippurin-1
FT12161PR,MG(20:4-OH/0:0/0:0)
FT10125PR,Trp-Tyr
FT09221PR,"Anandamide (20:5, n-3)"
FT04603PR,Valylhydroxyproline
FT06794NR,Phe-Ile-Gly
FT01580PR,Thioproline
FT04184NR,Serylarginine
FT06432NR,N-(1-Deoxy-1-fructosyl)threonine
FT04403NR,Dihydrokaempferol
FT07732NR,Thr-Leu-Met
FT08416NR,Hepoxilin A3
FT02280PR,(Z)-5-oxohex-2-enedioic acid
FT11214NR,25-Acetylvulgaroside
FT03455NR,L-Cystine
FT02040NR,Isoniazid
FT03157NR,N-(3-oxo-hexanoyl)-homoserine thiolactone
FT09858PR,Caffeoyl tyrosine
FT08628PR,Ile-Glu-Ala
FT02894PR,7-dodecynoic acid
FT06015NR,Methyl 7Z-hexadecenoate
FT08932PR,3-Epiaphidicolin
FT04940NR,hydroxytyrosyl acetate
FT11169NR,"(3beta,5alpha,9alpha,22E,24R)-3,5,9-Trihydroxy-23-methylergosta-7,22-dien-6-one"
FT03609NR,O-Phosphothreonine
FT10716PR,MG(0:0/20:3/0:0)
FT02913NR,5-[(1-Iminoethyl)amino]-2-aminopentanoic acid
FT04637NR,Cyclandelate
FT10926NR,3-dehydrocholic acid
FT10599NR,"ergosta-4,7,22E-trien-3beta-ol"
FT04595NR,"1,6-anhydro-N-acetyl-beta-muramate"
FT13316PR,LysoPC(P-14:0/0:0)
FT09506NR,Austalide K
FT02607PR,"2,6,6-Trimethyl-2-cyclohexene-1,4-dione"
FT13300PR,Mangiferdesmethylursanone
FT15123PR,"(7E,10E,13E,16E)-3-Hydroxydocosa-7,10,13,16-tetraenoylcarnitine"
FT14967NR,PE(P-16:0/18:1)
FT15376PR,Cholylhistidine
FT02259PR,methyl 1-methylpiperidine-3-carboxylate
FT13246NR,Ganoweberianic acid F
FT04696NR,Canin
FT06148NR,Glu-Asn-Gly
FT08977NR,5-trans-PGE2
FT14531PR,LysoPE(0:0/20:5)
FT09006PR,11R-HEPE
FT02981NR,"D-Glucurono-6,3-lactone"
FT01961NR,"1,2-Dihydroxy-3,4-epoxy-1,2,3,4-tetrahydronaphthalene"
FT09761NR,ortho-hydroxyrosiglitazone
FT12794PR,(10Z)-Heptadec-10-enoylcarnitine
FT09987NR,FAHFA(3:0/2-O-23:0)
FT04464PR,L-Glutamic acid 5-phosphate
FT02215NR,"3,7-dideoxy-D-threo-hepto-2,6-diuolosonic acid"
FT12056PR,Malyngamide H
FT08667PR,Val-Thr-Asn
FT09169PR,Cortisol
FT09951PR,Himbacine
FT07202PR,5-(1-hydroxybutan-2-yl)isolongifol-4-ene
FT11922NR,Cholylsarcosine
FT07293NR,7-Hydroxy-5-methoxy-4-methyl-3-(4-methylpiperazin-1-yl)-2H-chromen-2-one
FT07413NR,N-Palmitoyl Proline
FT01863NR,Octanal
FT03351NR,Indole-3-methyl acetate
FT04903PR,Lysylalanine
FT03377PR,"2',3'-Dideoxyuridine"
FT06019NR,"6,10,14-Trimethyl-2-pentadecanone"
FT14028NR,PC(O-18:0/O-1:0)
FT04021PR,5-Hydroxyconiferyl alcohol
FT00440PR,Benzyl alcohol
FT10778NR,Trp-Met-Ile
FT10140NR,"24-methylene-cholest-5-en-3beta,17alpha,22S-triol"
FT01232NR,(R)-Dihydromaleimide
FT11179PR,"15-hydroxy-tetracosa-6,9,12,16,18-pentaenoic acid"
FT04161NR,Dehydroxymethylepoxyquinomicin
FT00949PR,L-cis-3-Amino-2-pyrrolidinecarboxylic acid
FT12475NR,N-Arachidonoyl Phenylalanine
FT07275PR,"9R,10S-Epoxy-3Z,6Z-nonadecadiene"
FT09416PR,9-F1-phytoprostane
FT05949NR,Moupinamide
FT07165NR,Gly-Pro-Gln
FT02414NR,Cyclo(gly-pro)
FT07646PR,Fumagillol
FT04060NR,Idrapril
FT04027NR,Ethyl menthane carboxamide
FT04514NR,6-Hydroxyindoxyl sulfate
FT11682PR,Ustusoic acid A
FT06482NR,Methotrimeprazine
FT07604PR,Abacavir
FT11112NR,Epibetulinic acid
FT03808PR,ISOPROTURON
FT11296NR,Pactimibe
FT05319NR,Ovalicin
FT05948NR,cinnamoyltyramine
FT11340NR,1-(2-methoxy-6Z-heptadecenyl)-sn-glycero-3-phosphoethanolamine
FT10451PR,(-)-Ceriferol 1
FT04937NR,Albendazole-2-aminosulfone
FT07116NR,6-methyl-octadecanoic acid
FT09849PR,N-propyl alpha-methyl arachidonoyl amine
FT05194NR,Dodecylbenzene
FT02871NR,Cysteinyl-Proline
FT08287PR,Ascorbigen
FT01446NR,4-Aminophenol
FT08343NR,Prostaglandin A2
FT04689PR,6-hydroxyoct-5-enoylglycine
FT10250PR,N-Palmitoyl Isoleucine
FT10709NR,Drimianin A
FT07561PR,Oryzalide B
FT02885PR,beta-D-galactosyl
FT01199PR,Tyrosol
FT03437NR,"1-(4-Carboxyphenyl)-3,3-dimethyltriazene"
FT12978NR,Pomonic acid
FT03654PR,"Tetradecan-7,9-diynoic acid"
FT05019PR,Prilocaine
FT12881PR,DG(8:0/0:0/a-13:0)
FT07219NR,"5,7,4'-Trihydroxy-6-methoxyflavanone"
FT01387NR,Carvacrol
FT04246PR,D-Iditol
FT08541PR,Nonadecandioic acid
FT09130NR,Macrolactin-A
FT08705NR,17-HDoHE
FT02866PR,N-Acetyldopamine
FT11678NR,Cinnzeylanine
FT03993NR,"3-methyl-6-(1-methyl-ethyl)-3,9-decadien-1-ol"
FT08828PR,2-O-Acetylarbutin
FT13234NR,Daphniphylline
FT11693NR,"(22E,24E)-1alpha,25-dihydroxy-22,23,24,24a-tetradehydro-24a-homovitamin D3"
FT04907PR,2-Hydroxyibuprofen
FT15525PR,PC(0:0/20:4;O2)
FT05572PR,L-Glutamic acid 5-benzyl ester
FT03745PR,Ledene
FT04711NR,8-Acetoxy-4-acoren-3-one
FT07071PR,D-Sedoheptulose 7-phosphate
FT13356NR,Ganoweberianic acid C
FT03227PR,Lanthionine ketimine
FT12189PR,Ximaosteroid C
FT04113NR,5-Methylthioribulose 1-phosphate
FT13153NR,Dolicholide
FT10530NR,Leu-Thr-Tyr
FT01345NR,Mevalonic acid
FT08663NR,Ile-Glu-Glu
FT00963NR,3-Methyl-2-oxovaleric acid
FT04827NR,3-[[(2R)-2-Acetamido-2-carboxyethyl]disulfanyl]-2-aminopropanoic acid
FT15524PR,TMC-1D
FT01411NR,"3,4-Dihydroxyphenylacetaldehyde"
FT11807NR,Lucidenic acid H
FT07524PR,Leu-Leu-Gly
FT05320PR,12-hydroxyjasmonic acid
FT06287NR,Sugeonyl acetate
FT07858PR,Methyl 8-[3-(2-hydroxyoctyl)oxiran-2-yl]octanoate
FT03608PR,Linalool oxide (cis-pyran)
FT11292PR,alpha-N-(3-hydroxy-13-methyl-tetradecanoyl)-ornithine
FT03350NR,Phensuximide
FT11504PR,cholest-5-en-23-yn-3beta-ol
FT10006PR,"(7R*,8R*)-3-Methoxy-3',4,7,9,9'-pentahydroxy-8,4'-oxyneolignan"
FT07676PR,N-jasmonoyl-isoleucine
FT01935NR,Canavanine sulfate
FT14204PR,alpha-Tocopherolquinone
FT09322PR,Enalaprilat
FT03606PR,"1-Hydroxy-2,2,5,5-tetramethyl-2,5-dihydro-1h-pyrrole-3-carboxamide"
FT01980NR,Aspirin
FT05462NR,Pyrraline
FT04454PR,Panaxydol
FT01061NR,5-Deoxy-D-ribose
FT07179NR,13-(3-methyl-5-pentylfuran-2-yl)-tridecanoic acid
FT05566NR,1-Monomyristin
FT09491PR,"6,7-Epoxy-3Z,9Z-tricosadiene"
FT03719NR,Perseitol
FT07259NR,Riddelline
FT06516NR,17-octadecenoic acid
FT07612NR,Laurelliptine
FT00983PR,3-Amino-4-methylpentanoic acid
FT02660PR,"3,4-Dihydroxyphenyl ethanol"
FT14130PR,"3alpha,7alpha,12alpha,26-Tetrahydroxy-5beta-cholest-23E-en-27-oic acid"
FT11753NR,3-Hydroxystigmaster-5-en-7-one
FT04170PR,4Z-Decenedioic acid
FT08143NR,7-O-Acetylhorminone
FT07844PR,methyl 8-[2-(2-formyl-vinyl)-3-hydroxy-5-oxo-cyclopentyl]-octanoate
FT15198PR,Butanoyl PAF
FT01883NR,Isoquinoline
FT05082NR,"3,16-dihydroxypalmitic acid"
FT14955PR,Tumonoic Acid H
FT10674PR,Ile-Leu-Ile
FT04288NR,3-Methylgallic acid 5-sulfate
FT04258NR,"2,3-Dihydroxypropyl octanoate"
FT07562PR,11-Beta-hydroxyandrostenedione
FT12708PR,onternabez
FT10056NR,"1alpha,25-dihydroxyvitamin D2"
FT05192PR,Gallicynoic acid G
FT01627NR,Mycarose
FT05188NR,4-[5]-ladderane-butanoic acid
FT10637PR,1-Formylneogrifolin
FT11208NR,5beta-hydroxybufotalin
FT10269NR,LysoPA(0:0/18:2)
FT14195PR,LysoPG(16:0/0:0)
FT04682PR,Dihydrokavain
FT13119PR,11-Hydroxyoctadecanoylcarnitine
FT04136PR,artemisic acid
FT12222NR,2-deoxy-20-hydroxy-5alpha-ecdysone 3-acetate
FT07704PR,"5-(8-Amino-1,2,3,4-tetrahydro-2-methyl-4-isoquinolinyl)-2-methoxyphenol"
FT09908PR,Leu-Val-Met
FT04796NR,4-nonenal
FT02516PR,"3-Aminopiperidine-2,6-dione"
FT03873NR,Cuelure
FT09386NR,5(6)-EpETrE-EA
FT07414NR,N-Oleoyl Alanine
FT12930PR,Flavin mononucleotide
FT05077PR,"4,5-Dihydrovomifoliol"
FT05071NR,5'-Carboxy-gamma-chromanol
FT11618NR,Withanolide A
FT09384PR,Ganaxolone
FT11846PR,"5Z,9Z,21Z-hexacosatrienoic acid"
FT12809PR,(22alpha)-hydroxy-campesterol
FT01338NR,D-Cycloserine
FT04518NR,N-(1-Deoxy-1-fructosyl)glycine
FT13286PR,Bedoradrine
FT08154NR,retinylacetate
FT14353PR,(11Z)-eicoseneoylcarnitine
FT06538PR,Obscuraminol E
FT03880NR,"8-hydroxy-3E,5E,10E,12-tridecatetraen-2-one"
FT07299NR,"5,15-diHPETE"
FT03893NR,"2-(1,2,3,4-Tetrahydroxybutyl)thiazolidine-4-carboxylic acid"
FT01927NR,Ureidosuccinic acid
FT07397NR,Ala-Tyr-Thr
FT09039NR,Phenolsulfonphthalein
FT02176NR,alpha-Cyano-4-hydroxycinnamate
FT13301NR,Ganoderic acid theta
FT05843PR,5-Azacytidine
FT00628NR,Isocaproic acid
FT08895NR,Ser-Tyr-Gln
FT03517NR,Serylhistidine
FT10084NR,N-Docosahexaenoyl Threonine
FT09688PR,Alinamin
FT01648NR,p-Acetaminobenzaldehyde
FT08713PR,Topsentolide A1
FT11425NR,N-oleoyl histidine
FT10370PR,9'-Carboxy-gamma-tocotrienol
FT15166PR,PC(O-18:1/2:0)
FT11368NR,Judeol
FT02333NR,Sulfate
FT07221PR,N-(1-Deoxy-1-fructosyl)proline
FT02659PR,HOOA lactone
FT02409PR,"10-hydroxy-(2E,8E)-decadien-4-ynoic Acid"
FT15931PR,PI(18:1/0:0)
FT09609PR,11-Epi-PGF2a
FT10134PR,Ile-Thr-Leu
FT09158PR,(E)-5-O-Cinnamoylquinic acid
FT03419PR,N-Acetylisoleucine
FT07170NR,Heterofibrin A2
FT08310PR,Clavepictine B
FT09622PR,DG(8:0/0:0/10:0)
FT03801NR,gamma-Glutamylcysteine
FT08057PR,19-HOME(9Z)
FT05650NR,Ximaosarcophytol B
FT09879PR,"9-deoxy-9-methylene-16,16-dimethyl -PGE2"
FT00519NR,5-Ethyl-4-methyloxazole
FT08522NR,"(3E,5E,8Z)-Deca-3,5,8-trienedioylcarnitine"
FT08400PR,Iprofenin
FT01516PR,"5,6-Dihydroxyindole"
FT10393NR,Morusinol
FT10440PR,"(1S)-1-hydroxy-23,24-didehydro-25,26,27-trinorcalciol"
FT07917NR,Dehydroepiandrosterone sulfate
FT06095NR,Pelargonic acid
FT13254PR,"3S-squalene-2,3-epoxide"
FT10880NR,"4,4'-Diapo-7,8,11,12-tetrahydrolycopene"
FT12729PR,"2-(14,15-Epoxyeicosatrienoyl) Glycerol"
FT03439PR,Glycylvaline
FT10663NR,Strophasterol A
FT11954NR,beta-Citraurol
FT16197PR,PA(13:0/20:5-3OH)
FT05417PR,"(1R,2R)-3-oxo-2-pentyl-cyclopentanehexanoic acid"
FT09682NR,Bufotalidin
FT08004NR,"8,12-dihydroxy-11-chloro-5Z,9Z,14Z,17Z-eicosatetraenoic acid"
FT08698NR,riboflavin thiamine
FT15464PR,LysoPE(22:4/0:0)
FT07239NR,"ent-16b,19-Kauranediol 19-acetate"
FT07901PR,Palmitoyl Serinol
FT11675NR,"2',4',6',3,4-Pentahydroxy- 3',5-diprenyldihydrochalcone"
FT14373NR,Metkephamid
FT11152PR,Portulacaxanthin II
FT09193PR,bergenin
FT15094PR,PC(20:3/0:0)
FT02300NR,6-(Pyridin-3-YL)hexanoic acid
FT13593PR,PC(O-16:1/0:0)
FT02260PR,"(E,E)-2-methyl-6-oxohepta-2,4-dienol"
FT09685NR,"3-Oxochola-1,4-dien-24-oic Acid"
FT08161PR,2-Methoxyestriol
FT09979PR,N-acetylsphingosine
FT03254NR,Methyl-4-hydroxybenzoate sulfate
FT08821NR,Rotenone
FT05182PR,Bisphenol A
FT01846PR,Isoputreanine
FT10186PR,Bufalin
FT15811PR,PS-PC
FT11933NR,Hemiphloin
FT09945PR,6-((Z)-14-hydroxypentadec-8-en-1-yl)salicylic acid
FT05420NR,Cridanimod
FT11469NR,"1alpha,2alpha,25-trihydroxy-19-norvitamin D3"
FT06227NR,"(10Z,14E,16E)-10,14,16-Octadecatrien-12-ynoic acid"
FT08765NR,Isotaxiresinol
FT07888NR,Thr-Thr-Phe
FT12424PR,"14-carboxy-15,16,17,18,19,20-hexanor-leukotriene E3"
FT11230NR,alpha-Amyrone
FT03570PR,Valerenal
FT10039NR,3'-(1''-(3-Methylbutanoyl))-angeloyl vaginidiol
FT11632NR,"32:5(17Z,20Z,23Z,26Z,29Z)"
FT11537PR,"N-benzyl-9-oxo-12Z,15Z-octadecadienamide"
FT11303NR,Dokdolipid A
FT07041PR,Ala-Phe-Ala
FT07780PR,9-hydroxy-16-oxo-hexadecanoic acid
FT14461PR,"14,15-LTD4"
FT10636NR,Cilligen
FT02549PR,"4,1-Benzoxazepine"
FT13981PR,2-Methoxyestrone 3-glucuronide
FT04960PR,Indole carboxylic acid sulfate
FT12101NR,26-Methyl nigranoate
FT15008PR,"(5alpha,6beta,14alpha,20R,22R)-5,6,14,20,27-Pentahydroxy-1-oxowith-24-enolide"
FT08894PR,Isocupressic acid
FT15832PR,PC(2:0/20:5-OH)
FT10109NR,Gln-Phe-Thr
FT12224PR,Varanic acid
FT02328PR,1-Amino-2-naphthol
FT10710PR,"1a,1b-dihomo-PGD2"
FT03540NR,S-Phenyl-L-cysteine
FT03980NR,"2-Hydroxy-cis-hex-2,4-dienoate"
FT10728NR,MG(21:0/0:0)
FT09098PR,"14R,15S-EpETrE"
FT07227NR,"2-(3,7-Dimethyl-2,6-octadienyl)-4-hydroxy-6-methoxyacetophenone"
FT08264NR,Quercetagetin 3-methyl ether
FT08263NR,Gossypetin 3-methyl ether
FT07899NR,"(2E,4E)-Tetradecadienoylcarnitine"
FT01416NR,"(3S),7-Dimethylocta-1,5-dien-3,7-diol"
FT06211NR,11-Methoxynoryangonin
FT05374NR,Himalaflavone A
FT03297NR,1-(2-Hydroxyethyl)-2-hydroxymethyl-5-nitroimidazole
FT06949PR,Zanthodioline
FT09161PR,(-)-erythro-Anethole glycol 1-glucoside
FT15404PR,PC(6:0/6:0)
FT07276PR,R-Palmitoyl-(2-methyl) Ethanolamide
FT07174PR,Domoic acid
FT14432PR,4-Hydroxyandrostenedione glucuronide
FT15573PR,PE(21:0/0:0)
FT07951PR,Arachidic acid
FT10933NR,Norselic acid A
FT08208NR,Yucalexin P15
FT09575NR,6-MethylHexadecanoylcarnitine
FT09238PR,Gibberellin A37
FT03884NR,D6-Ambrettolide
FT15599PR,Cholylarginine
FT08638NR,Sinulobatin A
FT13603PR,"(13Z,16Z)-docosadienoylcarnitine"
FT06212NR,Afzelechin
FT12307NR,Deuteroporphyrin IX
FT02484PR,2-Amino-6-methoxypurine
FT02754NR,Atrazine
FT12329PR,"27:3(5Z,9Z,20Z)"
FT09905NR,LPA 17:0
FT03991PR,2-Amino-2-deoxy-D-gluconic acid
FT12760NR,Helilupolone
FT08978NR,12-epi-12-iso-LGD2
FT08274NR,"PGE3 1,15-lactone"
FT11482NR,10-EdAM
FT09850NR,Sanggenol L
FT02016NR,1-Methyluric acid
FT14610PR,N-Choloylglycine
FT09164NR,N-Eicosapentaenoyl Threonine
FT06591NR,Promethazine
FT05918NR,Ethisterone
FT10204NR,Butyl butyryllactate
FT02668NR,Ieodomycin C
FT08086PR,Isopulegone caffeate
FT02760PR,Erythronic acid
FT08909NR,PGF2alpha isopropyl ester
FT12360NR,Deoxycholylthreonine
FT13199NR,24-epi-brassinolide
FT02230NR,"5S,6S-epoxy-15R-hydroxy-ETE"
FT11858PR,Mangalkanyl glucoside
FT07979PR,"13-Hydroxyoctadeca-2,4-dienoic acid"
FT14053NR,Cholyltyrosine
FT06418NR,19-oxo-eicosanoic acid
FT03275NR,"N,N-dimethyl-beta-alanine"
FT06637PR,2'-O-Methyluridine
FT05397PR,(+)-Lysergic acid
FT10409PR,Val-Ser-Phe
FT00885NR,2-Hydroxyethanesulfonate
FT05855NR,9-F1-PhytoP
FT14144PR,"(22E,24R)-3beta,5alpha,9alpha-trihydroxyergosta-7,22-dien-6-one"
FT07627NR,N-Eicosapentaenoyl Glycine
FT05631NR,D-Arabitol
FT03219PR,"1-Hydroxy-2,2,6,6-tetramethyl-4-piperidinone"
FT02342NR,Curvulalide
FT10327NR,Reserpic acid
FT12280PR,Drophiobiolin B
FT13846PR,"5beta-Cholestane-2beta,3alpha,7alpha,12alpha,26-pentol"
FT10792NR,Doxercalciferol
FT04439NR,"2-Hydroxy-4,7-dimethoxy-2H-1,4-benzoxazin-3(4H)-one"
FT09341PR,2-oxo-eicosanoic acid
FT06258PR,trans-4-methoxy-4'-nitrostilbene oxide
FT02521NR,beta-D-Glucopyranosylurea
FT05329PR,Parthenolide
FT10657NR,"(23S,25R)-25-hydroxyvitamin D3 26,23-peroxylactone"
FT02141NR,ethyl-4-hydroxymethyl- 3(2H)-Furanone
FT03864NR,5-Methoxyflavone
FT09306NR,N-linolenoyl glutamic acid
FT10147PR,N-Benzyllinolenamide
FT13523NR,Silodosin
FT09051PR,Met-Val-Ala
FT08223PR,4-coumaroylshikimate
FT06042PR,Suberenone
FT10512NR,Camelledionol
FT04131NR,Diaveridine
FT08260PR,N-trans-p-Coumaroyloctopamine
FT02669PR,p-Menth-1-en-5-ol
FT13073NR,Deoxycholyllysine
FT02967NR,Ethylone
FT02057PR,3-Methyladenine
FT02055NR,"3,4,5-Trimethoxyphenol"
FT05466PR,"7Z,11Z,13E-Hexadecatrienal"
FT03457NR,Pectin
FT06885PR,Pentostatin
FT01194NR,1-Naphthylamine
FT03133NR,ascaroside C6
FT02573NR,"6,7-Dimethoxycoumarin"
FT07253NR,S-(Formylmethyl)glutathione
FT03506PR,N-Formyl-L-methionine
FT09816PR,Capecitabine
FT07300PR,3-Hydroxytetradecanedioic acid
FT09409PR,Puna'auic acid
FT04797NR,12-octadecynoic acid
FT10332NR,LysoPA(18:1/0:0)
FT02254NR,Carbendazim
FT01234PR,4-Amino-5-hydroxymethyl-2-methylpyrimidine
FT04448NR,"5,6-Dihydroxy-3-phenyl-1-aminomethylisochroman"
FT02195PR,Acrylamide-sodium acrylate resin
FT06882PR,Coclaurine
FT08277NR,Petasitin
FT07647PR,Lactapiperanol C
FT11409PR,3-hydroxyhexadecanoyl carnitine
FT01800NR,6-Hydroxy-1H-indole-3-acetamide
FT04209NR,3-[4-Hydroxy-3-(3-methyl-2-butenyl)phenyl]-2-propenal
FT15920PR,6-Hydroxyluteolin 7-xylosyl-(1->6)-glucoside
FT04666PR,Curvulinic acid
FT02562NR,TILETAMINE
FT12020PR,Amasterol
FT12886PR,MG(0:0/22:0)
FT10204PR,C25:3 Highly branched isoprenoid D
FT04389NR,Riparin III
FT08454PR,Clozapine
FT01195NR,2-Aminonaphthalene
FT10409NR,LysoPA(18:0/0:0)
FT05467NR,"Palitantin, (+)-"
FT10079PR,Tryptophan 2-C-mannoside
FT12945PR,Smilagenin
FT12198NR,Dihomo-gamma-linolenoyl dopamine
FT14888PR,Neoandrographolide
FT09051NR,4alpha-Phorbol
FT03055PR,Panaquinquecol 5
FT05926NR,"6,7-Epoxy-9Z-octadecene"
FT04850PR,"(3R)-3-Methyl-5-(2,6,6-trimethylcyclohexen-1-yl)pent-1-yn-3-ol"
FT02280NR,Sedoheptulose
FT10589NR,N-Oleoyl Asparagine
FT07563PR,"3,17-dihydroxy-9,10-seco-androsta-1,3,5(10)-triene-9-one"
FT01033NR,2-(1-Aziridinyl)ethanol
FT12389PR,Telocinobufagin
FT09098NR,Nicanartine
FT11394PR,"16,16-dimethyl-PGD2"
FT09589NR,Epoxycandidone
FT09829PR,Anacardic acid
FT06485NR,Isorosmanol
FT16592PR,Russelioside B
FT08253PR,(Z)-3-Hexenyl hexadecanoate
FT08513NR,Cerebronic acid
FT04202PR,Lycocasuarinen acid E
FT08368PR,Siegesbeckin G
FT06075PR,Melanostatin
FT02998PR,Acetylhomoserine
FT08536PR,"9-hydroperoxy-12,13-dihydroxy-10-octadecenoic acid"
FT10200NR,LysoPA(18:3/0:0)
FT03100NR,"5-Phenyl-1,3-oxazinane-2,4-dione"
FT04973PR,Tetrahydrobiopterin
FT01062PR,4-Ethylbenzaldehyde
FT15663PR,PC(16:0/3:1)
FT06936PR,8-[1]-ladderane octanoic acid
FT08362PR,"L-Prolinamide, 5-oxo-L-prolyl-L-norvalyl-"
FT11098NR,6-Ethylchenodeoxycholic acid
FT03196PR,Amidinophenylpyruvic acid
FT02889PR,L-alpha-Amino-1H-pyrrole-1-hexanoic acid
FT11047NR,Erythroskyrin
FT04831NR,"5,7-Dimethoxyflavone"
FT02724NR,"(2S,3S,4S)-5,7,9,11-Tridecatetrayne-1,2,3,4-tetrol"
FT01385NR,4-Hydroxy-3-methylacetophenone
FT13114PR,"(25S)-3-oxo-cholest-1,4-dien-26-oic acid"
FT02254PR,HOHA lactone
FT04982NR,Valerenolic acid
FT03528NR,14-hydroxy-5Z-tetradecenoic acid
FT05713NR,4-Thiouridine
FT02587PR,Amantadine
FT06004PR,Furylfuramide
FT06683NR,3-Hydroxy-1-(4-hydroxyphenyl)-1-propanone
FT08225PR,Anguidol
FT08342PR,"eicosa-5Z,8Z,14Z-trienoic acid"
FT06357PR,"1-(9H-Pyrido[3,4-b]indol-1-yl)-1,4-butanediol"
FT14154NR,DG(PGD2/10:0/0:0)
FT02730PR,"2,3-Methyleneglutaric acid"
FT08207NR,Diflucortolone
FT03181PR,"2,6-Dimethylocta-cis-2,7-diene-1,6-diol"
FT06145NR,3-Hydroxymugineic acid
FT07373PR,"2-methyl-7R,8S-Epoxy-17-octadecene"
FT02410NR,L-Rhamnose
FT11362PR,delta-tocotrienol
FT05537PR,Arginylproline
FT08077NR,Catharanthine
FT12270NR,PA(22:2/0:0)
FT00920NR,"Heptan-2,5-dione"
FT13008PR,"5beta-cholest-25-ene-3alpha,7alpha-diol"
FT05114PR,Batatasin ¢ó
FT02936NR,Tyrosylglycine
FT01432NR,Hydantoin-5-propionic acid
FT12003PR,6-methylprednisolone
FT04917PR,"3S,7,11-Trimethyl-6E,10-dodecadienal"
FT02819PR,1-Benzoylpyrrolidine
FT02846PR,"[2-(2-Methylphenyl)-1,3-dioxolan-4-yl]methanol"
FT14108PR,PS(15:1/0:0)
FT11688NR,Ixocarpanolide
FT07321PR,Linoleamide
FT15557PR,PC(O-18:0/1:0)
FT14726PR,"24-methylencycloartan-12-oxo-3beta,22R-diol"
FT08356PR,Ile-Gly-Asn
FT04299NR,Thevetiaflavone
FT14193PR,Cepagenin
FT04842NR,Hydroxy-lacosamide
FT11242NR,Ser-Tyr-Phe
FT00736NR,2-Hydroxyacetophenone
FT13781NR,Ganoderic acid H
FT04449PR,2-methyl-dodecanedioic acid
FT03320NR,"but-1-ene-1,2,4-tricarboxylic acid"
FT00528NR,"2,5-dioxopentanoic acid"
FT07486PR,Steviol
FT03278NR,"1-Hydroxy-4(15),11(13)-eudesmadien-12,6-olide"
FT12170NR,"30:6(12Z,15Z,18Z,21Z,24Z,27Z)"
FT07977NR,N-Benzyllinoleamide
FT08279PR,"9S,10R-Epoxy-1,3Z,6Z-heneicosatriene"
FT06976NR,3-methyl-5-pentyl-2-furanoctanoic acid
FT01522NR,3-(2-Hydroperoxyethyl)-1H-indole
FT09526NR,"4a-Formyl-5a-cholesta-8,24-dien-3b-ol"
FT05380NR,Methionyl-Isoleucine
FT13218PR,17-phenyl-trinor-PGF2alpha isopropyl ester
FT13471PR,"(22E,24R)-6alpha-methoxy-7alpha,15beta-dihydroxyergosta-4,8(14),22-triene-3-one"
FT10214NR,Gitogenin
FT00541NR,5-Aminolevulinic acid
FT10426NR,Momordicinin
FT11060NR,1-(2-methoxy-pentadecanyl)-sn-glycero-3-phosphoethanolamine
FT13007PR,delta-Tocopherol
FT03376NR,methyl 4-[2-(2-formyl-vinyl)-3-hydroxy-5-oxo-cyclopentyl]-butanoate
FT09450NR,Ser-Pro-Tyr
FT15291PR,"(25R)-3alpha,7alpha,12alpha-trihydroxy-5beta-cholestan-27-oyl taurine"
FT08230PR,Fumigaclavine A
FT11866NR,Colupdox a
FT13857PR,"3alpha,7alpha-Dihydroxy-5beta-cholest-23-en-26-oic acid"
FT10141NR,3-ketocholesterol
FT02572NR,"5-(3',4',5'-Trihydroxyphenyl)-gamma-valerolactone"
FT10416NR,alpha-Hyodeoxycholic acid
FT10921NR,"(R)-1-O-[b-D-Glucopyranosyl-(1->6)-b-D-glucopyranoside]-1,3-octanediol"
FT08645NR,Annocherin A
FT04030PR,7-(1-Imidazolyl)heptanoic acid
FT10170PR,"3,4,5-Trimethoxyphenyl glucoside"
FT04660NR,7-Hydroxyheptaphylline
FT15930PR,LysoPI(18:1/0:0)
FT01382NR,(S)-3-Hydroxybutyric acid
FT08119NR,N-Eicosapentaenoyl Alanine
FT15934PR,DG(10:0/0:0/TXB2)
FT05112PR,Pretyrosine
FT04123NR,3-Furanmethanol glucoside
FT06514PR,Indoxyl-beta-D-glucoside
FT04935PR,5-Hydroxysebacate
FT09092PR,alpha-carboxymethylbutylhydroxychroman
FT08118NR,N-arachidonoyl L-serine
FT09903NR,Dulxanthone C
FT08035PR,10-Acetoxydecarbamoylmitomycin C
FT06436NR,3-{4-[2-Hydroxy-3-(propan-2-ylamino)propoxy]phenyl}propanoic acid
FT12273NR,Micromeric acid
FT01193PR,N-Formylglycine
FT02877PR,Phosphoglycolic acid
FT08085PR,"2,3-dimethylidenepentanedioylcarnitine"
FT04787PR,L-Agaridoxin
FT03752NR,Sulfapyridine
FT06460PR,Galaxolide
FT04422NR,Dehydroepiandrosterone
FT11229NR,"28:5(10Z,13Z,16Z,19Z,22Z)"
FT03234PR,3-Dehydroshikimate
FT08187NR,N-Linoleoyl Leucine
FT04333PR,Tetraglyme
FT10689PR,5-(11S-hydroxy-8Z-heptadecenyl) resorcinol
FT06811PR,"2E,13Z-octadecadien-1-ol"
FT01988NR,Homocysteine
FT08633PR,Ile-Phe-Ala
FT01412NR,8-Azaguanine
FT09983PR,6-((Z)-pentadec-10-en-1-yl)salicylic acid
FT04701PR,"2-Phenyl-1,3-propanediol monocarbamate"
FT04950PR,Leu-leu-ome
FT07348PR,Ipriflavone
FT02355PR,6-Hydroxynicotinamide
FT08610PR,Sclareol
FT05002PR,Carboxy methyl lysine
FT08825NR,Lys-Glu-His
FT01675NR,4'-Nitroacetophenone
FT14142PR,Hydrocortisone caproate
FT06787NR,"(4Z,6Z)-3-Hydroxyocta-4,6-dienoylcarnitine"
FT10770NR,2-Naphthol sulfate
FT05399PR,delta-CEHC
FT13726PR,5-Methylheptadecanoylcarnitine
FT13083PR,"24:3(5Z,9Z,17Z)(15Me,19Me,23Me)"
FT13982NR,Batrachotoxinin A 20-alpha-benzoate
FT00030NR,Glycerol
FT01747NR,"trans-4,5-epoxy-2(E)-decenal"
FT13797PR,Swertisin
FT11817PR,Semiplenamide F
FT07638PR,Asn-Thr-Ala
FT04119PR,Zingerone
FT13358NR,Ganoderic acid I
FT11030NR,alpha-Tocopherol acetate
FT10957PR,Methyl-[10]-gingerol
FT02188PR,Azaserine
FT07136PR,voxtalisib
FT07257PR,"N1-(alpha-D-ribosyl)-5,6-dimethyl-benzimidazole"
FT02953PR,(2S)-2-(4-Chloroanilino)propanoic acid
FT09852NR,Macrophorin C
FT13082PR,(22alpha)-hydroxy-cholestanol
FT06521NR,Rosterolone
FT02994NR,"(1R,2R,2'E)-2-[5'-(hydroxy)-2-penten-1-yl]-3-oxocyclopentane acetic acid methyl ester"
FT04004PR,Valylisoleucine
FT10886PR,"1alpha,25-dihydroxy-24-norvitamin D3"
FT15992PR,PS(12:0/13:0)
FT06601NR,"11b,21-Dihydroxy-5b-pregnane-3,20-dione"
FT12912PR,N-Eicosapentaenoyl Isoleucine
FT13347NR,Desglucocheirotoxin
FT04480NR,"4-Hydroxy-(3',4'-dihydroxyphenyl)-valeric acid"
FT09792NR,N-(5-Amino-2-hydroxybenzoyl)glycine
FT00662NR,2-Aminoacetophenone
FT08371PR,"methyl 9,12-dihydroxy-13-oxo-10-octadecenoate"
FT13650NR,PE(20:4/0:0)
FT06397NR,S-Methyl-L-methioninate
FT12400PR,Ascorbyl stearate
FT09799NR,Trp-Val-Ala
FT02031PR,"4,8-Dimethyl-3,7-nonadien-2-one, cis-"
FT05080NR,"Methyl 8-hydroxy-11E,17-Octadecadien-9-ynoate"
FT11626NR,Secoisobryononic acid
FT01589NR,Fusaric acid
FT14149PR,Conicasterol D
FT00162NR,Glyceric acid
FT06987PR,4-Hydroxy-5-(dihydroxyphenyl)-valeric acid-O-sulphate
FT08418NR,Prostaglandin A1
FT06960NR,Sulfametomidine
FT11352PR,Griseolic acid
FT00244PR,3-Butynoic acid
FT01700NR,3-Methoxygallic acid
FT04210NR,Armexifolin
FT13325NR,Dhesn
FT03489PR,"3,4-Dimethoxyphenylethylamine"
FT07550NR,Dihydroretrofractamide B
FT07971NR,N-palmitoyl methionine
FT03923PR,Alanylvaline
FT07274PR,2-Pentadecylfuran
FT15216NR,PC(20:4/20:0)
FT04964PR,Cysteinyl-Cysteine
FT12019NR,catechin 3-tetradecanoate
FT00012NR,Dihydroxyacetone
FT00847NR,"1,3-Dimethyluracil"
FT13136NR,PE(10:0/10:0)
FT06008NR,Leukotriene A4 methyl ester
FT11590NR,1-(2-methoxy-13-methyl-pentadecanyl)-sn-glycero-3-phosphoethanolamine
FT07159PR,Heptadecan-2-one
FT12298NR,1-O-(2-methoxy-4Z-hexadecenyl)-sn-glycero-3-phosphocholine
FT02040PR,Baikiain
FT04514PR,Methyldopa
FT02283PR,"1,4,5-Naphthalenetriol"
FT12311NR,5-Hydroxy-2-(1-hydroxy-5-methyl-4-hexenyl)benzofuran
FT12741PR,N-Docosahexaenoyl Serine
FT01344NR,Hydroxyacetone
FT14290PR,Sphinganine-1-phosphocholine
FT16057PR,Cefoperazone A
FT11874PR,zymosterol intermediate 1c
FT07706NR,Heliangin
FT14921PR,LysoPC(19:0/0:0)
FT01968NR,S-Carboxymethyl-L-cysteine
FT11359PR,MG(20:3-OH/0:0/0:0)
FT05244PR,"12-methoxyherbertene-1,2-diol"
FT05324NR,Progesterone
FT01431PR,Methyl sulfate
FT02626PR,Nornicotine
FT10280PR,3alpha-Hydroxy-7-oxo-5beta-chol-11-en-24-oic Acid
FT14429PR,LysoPE(18:4/0:0)
FT07839PR,Phenylalanyltyrosine
FT07791NR,Cyclic AMP
FT06481PR,"Methyl 3-(2,3-dihydroxy-3-methylbutyl)-4-hydroxybenzoate"
FT05901NR,7-Hydroxy-3-(3-hydroxy-4-methoxybenzyl)-5-methoxy-4-chromanone
FT11821NR,"20(17->12beta)-abeo-1alpha,25-dihydroxy-24-dihomo-21-norvitamin D3"
FT11578NR,LysoPE(0:0/14:1)
FT06150NR,Camonagrel
FT04363NR,Phenylalanyl-Glycine
FT06389NR,"6-C-Methylquercetin 3,3'-dimethyl ether"
FT07156PR,Heptadecanal
FT07231NR,Neoabietic acid
FT04811NR,8-Oxoguanosine
FT02564PR,6-Methylnicotinamide
FT08487NR,"3'-Carbamoyl-[1,1'-biphenyl]-3-yl cyclohexylcarbamate"
FT01103NR,Vanillyl alcohol
FT08327PR,Capsiate
FT11168NR,"3beta-hydroxyergosta-7,22-diene-6-one"
FT09509NR,Arbaprostil
FT11965NR,TG(10:0/8:0/8:0)
FT15552PR,Cortolone-3-glucuronide
FT06262PR,"(4Ar,10bR)-rel-4-Propyl-2,3,4,4a,5,10b-hexahydrochromeno[4,3-b][1,4]oxazin-9-ol"
FT09612NR,"5beta-Cholane-3alpha,7alpha,12alpha-triol"
FT08712PR,Phytocassane D
FT11082PR,N-oleoyl GABA
FT06687NR,Methyl dihydrophaseate
FT14466PR,"(3beta,17alpha,23S)-17,23-Epoxy-3,29-dihydroxy-27-norlanost-8-en-24-one"
FT14244NR,DG(20:4+=O/i-13:0/0:0)
FT05015NR,Asp-Pro-Gly
FT00413NR,Tromethamine
FT01588NR,"3,4-Methylenedioxyamphetamine"
FT14314PR,Hederagenin
FT11536PR,"1alpha,25-dihydroxy-23-oxavitamin D3"
FT02230PR,"(R)-11,12,13-Trinor-1(5),6,9-guaiatrien-8-one"
FT03075NR,Oxyresveratrol
FT08644NR,"3alpha,12beta-Dihydroxy-11-oxo-5beta-cholan-24-oic Acid"
FT15023PR,R1-Barrigenol
FT07818NR,N-oleoyl threonine
FT04838NR,3-carboxy-4-methyl-5-(4-oxopentyl)-2-furanpropanoic acid
FT09017PR,"9,12-dimethoxy-13-hydroxy-10-octadecenoic acid"
FT07158PR,8Z-Heptadecen-2S-ol
FT12751NR,Genistein 4'-glucuronide-7-sulfate
FT10142PR,"N-(2-Hydroxyethyl)icosa-2,4,6,8,10-pentaenamide"
FT03663NR,Pyrazinecarboxamide
FT08866NR,"(10Z,12E)-Hexadecadienoylcarnitine"
FT06098PR,dimethylidenebutanedioylcarnitine
FT03901NR,O-propanoyl-carnitine
FT09276PR,Kinetin riboside
FT14619PR,PC(18:1/0:0)[rac]
FT01484NR,N-Carboxyethyl-g-aminobutyric acid
FT08731PR,Enilconazole
FT02746NR,Fudosteine
FT10593NR,all-trans-Carophyll yellow
FT04551NR,2-hydroxyflutamide
FT12367PR,(5E)-8-Hydroxytetradec-5-enoylcarnitine
FT09370PR,N-Myristoyl Valine
FT02442PR,2-Amino-4-ethoxy-3-hydroxybutanoic acid
FT06288PR,5-Acetoxydihydrotheaespirane
FT06771NR,13-HpOME(14E)
FT11893PR,Paramethasone
FT04648NR,N(1)-Acetylsulfamethoxazole
FT02435PR,Arecaidine
FT10323NR,Corchoionoside B
FT09983NR,"4alpha-formyl-ergosta-7,24(241)-dien-3beta-ol"
FT13373PR,N-Eicosapentaenoyl Glutamic acid
FT10588NR,"(22E,24R)-3beta,5alpha-dihydroxy-14beta,15beta-epoxyergosta-7,22-diene-6-one"
FT09405PR,Cabbage identification factor 2
FT11281PR,Prostaglandin F1a
FT10436PR,"5beta-Chola-8(14),11-dien-24-oic Acid"
FT12878PR,FAHFA(2:0/2-O-22:0)
FT07314NR,Octadecyl fumarate
FT10597NR,Klyflaccisteroid L
FT06335NR,5-hydroxyindole thiazolidine carboxylate
FT06397PR,Phenylbutyrylglutamine
FT09798NR,"3',5'-Dideoxythymidine"
FT06017PR,sporogen-AO-1
FT02909PR,3-hydroxymethyl-glutaric acid
FT09552NR,Acetyl-S-farnesyl-L-cysteine
FT01880PR,xi-4-Hydroxy-4-methyl-2-cyclohexen-1-one
FT11769PR,"3alpha,7alpha,12alpha,16alpha-tetrahydroxy-5beta-cholan-24-oic Acid"
FT06537NR,Asp-Asp-Val
FT07852NR,"2-Methyl-5-(8,11-pentadecadienyl)-1,3-benzenediol"
FT08666PR,15-hydroxydeltoidin A
FT10105NR,"4-Hydroxy-5-(3',4',5'-trihydroxyphenyl)-valeric acid-O-methyl-O-glucuronide"
FT05916NR,"10,11-epoxy-3,7,11-trimethyl-2E,6E-tridecadienoic acid"
FT10484PR,MG(0:0/20:5-OH/0:0)
FT07040NR,O-Arachidonoyl Glycidol
FT06848PR,2-Hydroxyestradiol-3-methyl ether
FT08891NR,"1-(2H-1,3-Benzodioxol-5-yl)-2-[2,6-dimethoxy-4-(prop-2-en-1-yl)phenoxy]propyl acetate"
FT06752PR,Pisumic acid
FT13884NR,"1,10-Epoxy-3,8-dihydroxy-4,11(13)-germacradien-12,6-olide"
FT13271NR,Glycochenodeoxycholate-3-sulfate
FT08561NR,Tetraazacyclododecanetetraacetic acid
FT09093NR,"(4Z,10Z,12E)-Tetradeca-4,10,12-trienoylcarnitine"
FT07812PR,Undec-3-enoylcarnitine
FT04058NR,Triethyl citrate
FT06918PR,Isosalicin
FT07927PR,"(2S,3S,4S,5R)-3,4,5-Trihydroxy-6-sulfooxyoxane-2-carboxylic acid"
FT08467PR,1-O-(2-methoxy-4-hexadecenyl)-sn-glycerol
FT04756PR,2-(2-Chlorobenzamido)acetic acid
FT03414PR,Acivicin
FT04667NR,"Nona-2,4,6-trienoylcarnitine"
FT08827PR,Dihydronaringenin-O-sulphate
FT13563PR,Lobophysterol C
FT00780PR,3-Mercaptolactic acid
FT12427PR,"N,O-Didesmethylvenlafaxine glucuronide"
FT00809NR,4-Hydroxynicotinamide
