SampleID,AnimalID,Organ,PMI_day,Proteus_mirabilis,Escherichia_coli,Ligilactobacillus_murinus,Paeniclostridium_sordellii,Paraclostridium_bifermentans,unclassified_Enterococcus,Clostridium_sporogenes,Paraclostridium_benzoelyticum,Enterococcus_faecalis,Lactobacillus_johnsonii,Bacillus_sp._NJSN49,Enterococcus_avium,Limosilactobacillus_reuteri,Staphylococcus_aureus,Rodentibacter_ratti,Enterococcus_faecium,Clostridium_botulinum,Limosilactobacillus_urinaemulieris,Paenibacillus_alvei,Akkermansia_muciniphila,Clostridiales_bacterium_mt7,unclassified_Citrobacter,Klebsiella_variicola,unclassified_Tissierellales,Citrobacter_freundii,Aneurinibacillus_aneurinilyticus,Wohlfahrtiimonas_populi,Enterobacter_roggenkampii,unclassified,Shigella_dysenteriae,Others
N4-A04,A4,Lung,2,0.960192061,0.017866116,0.011501312,0,0,0,0,0,5.58E-05,0,0,0,0,0,0,0,0,0,0,0,0,0,0,0,0.00033499,0,0,0.001507454,5.58E-05,0.002177433,0.006308972
N4-A08,A4,Muscle,2,0.967896823,0.009156384,0.001339959,0,0,0,0,0,0,0,0,0,0,0,0,0,0,0,0,0.000669979,0,0,0,0,0,0,0,0.001060801,0,0.00173078,0.018145274
N4-B04,B4,Lung,2,0.971525878,0.002289096,0.00173078,0,0,0,0,0.006085646,0,0,0,0,0,0,0,0,0,0,0,0,0,0.008374742,0,0,0,0,0,0,0,0,0.009993859
N4-B08,B4,Muscle,2,0.98096142,0,0.003349897,0,0,0,0,0,0,0,0,0,0,0,0,0,0,0,0,0.000223326,0,0,0,0,0,0,0,0,0,0,0.015465356
N4-C03,C4,Spleen,2,0.578415499,0.374574284,0.022835129,0,0,0,0,0,0,0,0,0,0,0,0,0,0,0,0,0,0,0,0,0,0,0,0,0,0,0,0.024175088
N4-C04,C4,Lung,2,0.970855899,0.001786612,0.004131539,0,0.00033499,0,0,0,0,0,0,0,0,0,0,0,0,0,0,0.000223326,0,0,0,0,0,0,0,0,0,0,0.022667634
N4-C08,C4,Muscle,2,0.984255485,0.002568254,0.001842443,0,0.00033499,0,0,0,0,0,0,0,0,0,0,0,0,0,0,0,0,0.008095584,0,0,0,0,0,0,0,0,0.002903244
N4-D03,D4,Spleen,2,0.117637206,0.036848864,0.739154709,0,0,0.001451622,0,0.000390821,0.037909664,0,0,0,0.0259617,0,0,0.004131539,0,0.000167495,0,0,0,0.000279158,0.019652727,0,0,0,0,0,0,0,0.016414494
N4-D04,D4,Lung,2,0.919658311,0.012059628,0.024845067,0,0,0,0,0,0.019317738,0.000558316,0,0.000167495,0,0,0,0,0,0,0,0.001228295,0,0.006420635,0,0,0.012171291,0,0,0,0,0,0.003573223
N4-D08,D4,Muscle,2,0.966501033,0.008039752,0.00206577,0,0,0,0,0,0.000111663,0,0,0,0,0,0,0,0,0,0,0,0,0,0,0,0,0,0,0,0,0.001954106,0.021327676
N4-E03,E4,Spleen,2,0.51264586,0.063368879,0.357936464,0,0.00139579,0.000111663,0,0,0,0,0,0,0,0,0,0.039752108,0,0,0,0.000167495,0,0.004689855,0,0,0.009938027,0,0,0,0.002344928,0,0.007648931
N4-E04,E4,Lung,2,0.488805762,0.015409525,0.477081123,0,0.002959075,0,0,0,0.000111663,0,0,0,0,0,0,0,0,0,0,0,0,0,0,0,0.000837474,0,0,0.001004969,0,0.006643962,0.007146446
N4-E08,E4,Muscle,2,0.965384401,0.008542237,0.004131539,0,0.004019876,0,0,0,0,0,0,0,0,0,0,0,0,0,0,0.000502485,0,0,0,0,0,0,0,0.001563285,0,0.001674948,0.014181229
N4-F03,F4,Spleen,2,0.912846854,0,0.030093239,0,0.009100553,0,0,0.003070739,0,0.00173078,0,0,0,0,0,0,0,0,0,0,0,0,0,0,0,0,0,0.018982748,0,0,0.024175088
N4-F04,F4,Lung,2,0.914633465,0.000781643,0.001228295,0,0.025235889,0,0,0.03014907,0,0,0,0,0,0,0,0,0,0,0,0,0,0.010161353,0,0,0,0,0,0,0,0,0.017810284
N4-F08,F4,Muscle,2,0.972586679,0.000614148,0.002568254,0,0.002233264,0,0,0,0,5.58E-05,0,0,0.000223326,0,0,0,0,0,0,0.000111663,0,0,0,0,0,0,0,0,0,0,0.021606834
N5-A01,A5,Heart,3,0.507230194,0.010161353,0.002177433,0,0.274356541,0,0.019596896,0.143319748,0,0,0,0,0,0,0,0,0.03707219,0,0,0,0,0,0,0,0,0,0,0,0,0,0.006085646
N5-A02,A5,Liver,3,0.859750991,0.000614148,0.002959075,0,0.07654514,0,0,0.041985372,0,0,0,0,0,0,0,0,0,0,0,0,0,0,0,0,0,0,0,0,0,0,0.018145274
N5-A03,A5,Spleen,3,0.793423036,0.003908213,0.002456591,0,0.121601251,0,0,0.061247278,0,0,0,0,0,0,0,0,0.000279158,0,0,0.000669979,0,0.009435542,0,0,0,0,0,0,0,0,0.006978951
N5-A04,A5,Lung,3,0.525487131,0.00173078,0.02076936,0,0.247166546,0,0.005806488,0.133772542,0,0,0,0,0,0,0,0.004131539,0.015409525,0,0,0.000167495,0,0.000167495,0.0270225,0,0,0,0,0,0,0.001172464,0.017196136
N5-A08,A5,Muscle,3,0.959801239,0.007481436,0.004187371,0,0.00379655,0,0,0.005638993,0,0.000279158,0,0,0,0,0,0.000837474,0.000279158,0,0,0.001898275,0,0.005080677,0,0,0.007537268,0,0,0,0,0,0.003182402
N5-B01,B5,Heart,3,0.848249679,0.012729608,0.001172464,0,0.077996762,0,0,0.04952264,0,0,0,0,0,0,0,0,0,0,0,0,0,0,0,0,0,0,0,0,0,0.005415666,0.004913182
N5-B02,B5,Liver,3,0.969236782,0.00485735,0.002289096,0,0.00312657,0,0,0,0,0.000558316,0,0,0.000558316,0,0,0.000390821,0,0,0,0.000111663,0,0.003740718,0,0,0.009770532,0,0,0,0,0,0.005359835
N5-B03,B5,Spleen,3,0.938306069,0.022667634,0.00519234,0,0.00898889,0,0,0.003014907,0,0,0,0,0.000223326,0,0,0,0,0,0,0,0,0,0,0,0.000614148,0,0,0.001563285,0,0.007816426,0.011612975
N5-B04,B5,Lung,3,0.858578527,0.013902071,0,0,0.067723745,0,0,0.038188823,0,0.001116632,0,0,0,0,0,0,0,0,0,0.000781643,0,0,0,0,0,0,0,0.000781643,0,0,0.018926916
N5-B08,B5,Muscle,3,0.780637597,0.001619117,0.012338786,0,0.12020546,0,0,0.053877505,0,0.001898275,0,0,0,0,0,0,0,0,0,0,0,0,0,0,0,0,0,0.015018704,0,0,0.014404556
N5-C01,C5,Heart,3,0.422645302,0.003349897,0,0,0.349561722,0,0,0.197308916,0,0,0,0,0.002679917,0,0,0,0,0,0,0,0,0.007648931,0,0,0,0,0,0,0,0,0.016805315
N5-C02,C5,Liver,3,0.636927028,0.00312657,0.061805594,0,0.004466529,0,0,0,0,0.000446653,0,0,0.273184077,0,0,0,0,0,0,0,0,0,0,0,0,0,0,0,0,0,0.020043549
N5-C03,C5,Spleen,3,0.961141198,0.014739546,0,0,0.008151415,0,0,0.007704762,0,0.002456591,0,0,0.000949137,0,0,0,0,0,0,0,0,0,0,0,0,0,0,0,0,0,0.00485735
N5-C04,C5,Lung,3,0.661213779,0.00206577,0,0,0.206297806,0,0,0.107810842,0,0.001172464,0,0,0.001563285,0,0,0,0,0,0,0,0,0,0,0,0,0,0,0,0,0,0.019876054
N5-C08,C5,Muscle,3,0.968622634,0.008374742,0,0,0.007146446,0,0,0,0,0.000167495,0.000279158,0,0.000390821,0,0,0,0.00033499,0,0,0,0,0.007760594,0,0,0,0,0,0,0,0,0.00692312
N5-D01,D5,Heart,3,0.892021663,0.009379711,0.010161353,0,0.009100553,0,0,0.004354866,0.000167495,0.001674948,0,0,0.000893306,0,0,0.002400759,0,0,0.025068394,0,0,0,0.028920775,0,0,0,0,0,0,0,0.015856178
N5-D02,D5,Liver,3,0.278208922,0.329350678,0.166378203,0,0.004410697,0,0,0.00379655,0,0.190999944,0,0,0.000502485,0,0,0.003294065,0,0,0,0.001451622,0,0.003238233,0,0,0.007481436,0,0,0,0,0,0.010887164
N5-D03,D5,Spleen,3,0.877337949,0.079615879,0.012785439,0.000223326,0.005136508,0,0,0,0,0.006532299,0,0,0,0,0,0,0,0,0,0,0,0,0,0,0,0,0,0,0,0.003684886,0.014683714
N5-D04,D5,Lung,3,0.900284741,0.002456591,0.003349897,0,0,0,0,0,0,0.00379655,0,0,0,0,0,0,0,0,0.087041483,0,0,0,0,0,0.002624086,0,0,0,0,0,0.000446653
N5-D08,D5,Muscle,3,0.977109039,0.006643962,0.008374742,0,0.00139579,0,0,0,0,0.003182402,0,0,0,0,0,0,0,0,0,0,0,0,0,0,0,0,0,0,0,0,0.003294065
N5-E01,E5,Heart,3,0.981463905,0,0.005080677,0,0,0.003517392,0,0,0,0.002735749,0,5.58E-05,0,0,0.003405728,0.000223326,0,0,0,0,0,0,0,0,0,0,0,0,0,0,0.003517392
N5-E02,E5,Liver,3,0.233208643,0.000167495,0.386354754,0,0,0,0,0.000558316,0,0.331193122,0,0,0,0,0,0.040422087,0,0,0,0,0,0,0,0,0,0,0,0,0,0,0.008095584
N5-E03,E5,Spleen,3,0.929261348,0.000669979,0.043213668,0,0,0,0,0,0.000111663,0.013343755,0,0,0,0,0.005136508,0.007537268,0,0.000279158,0,0,0,0,0,0,0,0,0,0,0,0,0.000446653
N5-E04,E5,Lung,3,0.977779018,0,0.011333817,0,0.000223326,0,0.000111663,0,0,0.007034783,0,0,0,0,0.001060801,0.001284127,0,0,0,0,0,0,0,0,0,0.001004969,0,0,0,0,0.000167495
N5-E08,E5,Muscle,3,0.99201608,0,0.003573223,0,0,0,0,0,0,0.000279158,0,0,0,0,0,0,0,0,0,0,0,0,0,0,0,0.002344928,0,0,0,0,0.001786612
N5-F01,F5,Heart,3,0.991625258,0,0.004075708,0,0,0,0.000111663,0,0.00033499,0.000558316,0,0,0,0,0,0,0.000558316,0,0,0,0,0,0,0,0,0.001507454,0,0,0,0,0.001228295
N5-F02,F5,Liver,3,0.142482273,0.008877226,0.686617163,0.000558316,0,0,0.00033499,0,0,0.02841829,0,0,0,0,0,0,0.000167495,0.127966054,0,0.000111663,0,0,0,0,0,0.000781643,0,0,0.000111663,0,0.003573223
N5-F04,F5,Lung,3,0.981743063,0.00379655,0.005806488,0.000614148,0,0,0,0,0,0.000837474,0,0,0,0,0.004913182,0,0,0.000446653,0,0,0,0,0,0,0,0,0,0,0,0,0.001842443
N5-F08,F5,Muscle,3,0.980235609,0.003740718,0.000167495,0.00139579,0,0.002177433,0,0,0.00033499,0,0,0,0,0,0.005359835,0,0,0,0,0,0,0,0,0,0,0,0,0,0,0.000837474,0.005750656
N7-A01,A7,Heart,5,0.98682374,0.000837474,0.000614148,0,0,0.001172464,0,0,0.00206577,0,0,0,0,0,0.000725811,0,0,0,0,0,0,0,0,0,0,0,0,0,0,0,0.007760594
N7-A02,A7,Liver,5,0.975936575,0.001004969,0.007034783,0,0,0.004578192,0,0,0.000781643,0,0,0.000446653,0,0,0.005750656,0,0,0,0,0,0,0,0,0,0,0,0,0,0,0,0.004466529
N7-A03,A7,Spleen,5,0.979509798,0.003573223,0.002959075,0,0,0.00173078,0,0,0.00379655,0.002009938,0,0,0,0,0,0,0,0,0,0,0,0,0,0,0,0,0,0,0,0,0.006420635
N7-A04,A7,Lung,5,0.839819106,0.003517392,0.000279158,0,0,0.005024845,0,0,0.140918988,0,0,0,0,0,0.008542237,0,0,0,0,0,0,0,0,0,0,0,0,0,0,0,0.001898275
N7-A08,A7,Muscle,5,0.993356038,0,0,0,0,0.002009938,0,0,0.000279158,0,0,0,0,0,0.002233264,0,0.000223326,0,0,0,0,0,0,0,0,0.000446653,0,0,0,0,0.001451622
N7-B01,B7,Heart,5,0.990787784,0.001116632,0,0,0,0.000949137,0,0,0.000111663,0,0,0,0,0,0,0,0,0,0,0,0,0,0,0,0,0.002624086,0,0,0,0,0.004410697
N7-B02,B7,Liver,5,0.976941544,0.000558316,0.014125398,0.001060801,0,0.001116632,0.000279158,0,0.00206577,0,0,0,0.000111663,0,0,0,0.00033499,0,0,0,0,0,0,0,0,0.001339959,0,0,0,0,0.00206577
N7-B03,B7,Spleen,5,0.962816147,0.000279158,0.01004969,0.001172464,0,0.010719669,0,0,0.003014907,0,0,0.005862319,0,0.001004969,0,0,0.001228295,0,0,0,0,0,0,0,0,0.001619117,0,0,0,0,0.002233264
N7-B04,B7,Lung,5,0.711183072,0.001172464,0,0.00206577,0,0.191111607,0,0,0.007090615,0,0,0.086818156,5.58E-05,0,0,0,0,0,0,0,0,0,0,0,0,0,0,0,0,0,0.000502485
N7-B08,B7,Muscle,5,0.981743063,0.005918151,0.000446653,0,0,0.000669979,0,0,0.000725811,0,0,0,0,0,0.007537268,0,0,0,0,0,0,0,0,0,0,0,0,0,0,0,0.002959075
N7-C01,C7,Heart,5,0.984478812,0.00658813,0,0.000390821,0,0,0,0,0,0,0,0.000781643,0,0,0.004913182,0,0,0,0,0,0,0,0,0,0,0,0,0,0,0.000893306,0.001954106
N7-C02,C7,Liver,5,0.963709452,0.002959075,0.023449277,0,0,0.000837474,0,0,0,0,0,0,0,0,0.000893306,0,0,0,0,0,0,0,0,0,0,0,0,0,0,0,0.008151415
N7-C03,C7,Spleen,5,0.984143822,0.000390821,0.006699793,0,0,0.001674948,0,0,0,0,0,0,0,0,0.004578192,0,0,0,0,0,0,0,0,0,0,0,0,0,0,0,0.002512423
N7-C04,C7,Lung,5,0.977053208,0.005248172,0.007313941,0,0,0,0,0,0,0.002009938,0,0.000893306,0,0,0,0,0,0,0,0.000167495,0,0,0,0,0,0,0,0,0,0,0.007313941
N7-C08,C7,Muscle,5,0.981463905,0.003294065,0.000781643,0,0,0.003014907,0,0,0.001116632,0.000167495,0,0.000893306,0,0,0.008821395,0,0,0,0,0,0,0,0,0,0,0,0,0,0,0,0.000446653
N7-D01,D7,Heart,5,0.963095305,0.000893306,0.023337614,0,0,0,0.000725811,0,0.000390821,0,0,0.000669979,0,0,0.008095584,0,0.001228295,0,0,0,0,0,0,0,0,0,0,0,0.000725811,0,0.000837474
N7-D02,D7,Liver,5,0.863659204,0.001842443,0.006308972,0,0,0.072636927,0,0,0.012673776,0,0,0.028250796,0,0,0.002512423,0.008877226,0,0,0,0,0,0,0,0,0,0,0,0,0.000167495,0,0.003070739
N7-D03,D7,Spleen,5,0.947629948,0.003405728,0.012506281,0,0,0.005304003,0,0,0.002791581,0.000893306,0,0.003684886,0.005304003,0,0,0.003573223,0,0.000558316,0,0,0,0,0,0,0,0.002289096,0,0,0.000111663,0,0.011947965
N7-D04,D7,Lung,5,0.984367149,0.001060801,0.002959075,0.00033499,0,0.00346156,5.58E-05,0,0.001451622,0,0,0,0,0,0,0.001060801,0.000614148,0,0,0,0,0,0,0,0,0.00206577,0,0,0,0,0.002568254
N7-D08,D7,Muscle,5,0.649991625,0.001786612,0.294790911,0,0,0.000949137,0.00033499,0,0.000949137,0,0,0,0,0.001116632,0,0.025682541,0.001451622,0.000167495,0,0,0,0,0,0,0,0.001172464,0,0,0.000614148,0,0.020992686
N7-E01,E7,Heart,5,0.989503657,0.003740718,5.58E-05,0.001284127,0,0.004354866,0,0,0.000223326,0,0,0,0,0,0,0,0,0,0,0.000111663,0,0,0,0,0,0,0,0,0,0,0.000725811
N7-E02,E7,Liver,5,0.793143878,0.187147563,0.003517392,0.000837474,0,0,0,0,0.000614148,0,0,0.000614148,0,0,0.008486405,0,0,0,0,0,0,0,0,0,0,0,0,0,0,0,0.005638993
N7-E03,E7,Spleen,5,0.853162861,0.116799732,0.003517392,0.001060801,0,0.000893306,0,0,0.000614148,0,0,0,0.000837474,0,0.006978951,0,0,0,0,0,0,0,0,0,0,0,0,0,0.0097147,0,0.006420635
N7-E04,E7,Lung,5,0.944391715,0.046228575,0,0,0,0,0,0,0.000837474,0,0,0,0,0,0.00033499,0,0,0,0,0,0,0,0,0,0,0,0,0,0,0,0.008207247
N7-E08,E7,Muscle,5,0.969460108,0.001619117,0.000446653,0,0,0.000669979,0,0,0.000949137,0,0,0.000558316,0,0,0.006643962,0,0,0,0,0,0,0,0,0,0,0,0,0,0.015856178,0,0.00379655
N7-F01,F7,Heart,5,0.984813802,0.004689855,0.001451622,0,0,0.000558316,0,0,0.001563285,0.001674948,0,0,0,0,0,0,0,0,0,0,0,0,0,0,0,0,0,0,0,0,0.005248172
N7-F02,F7,Liver,5,0.967115181,0.002847412,0.000223326,0,0,0.00552733,0,0,0.012841271,0,0,0.000893306,0.000558316,0,0.008598068,0,0,0,0,0,0,0,0,0,0,0,0,0,0,0,0.00139579
N7-F03,F7,Spleen,5,0.985595444,0.002400759,0.001004969,0,0,0,0.000614148,0,0.001284127,0,0,0,0,0,0.007034783,0,0.001004969,0,0,0.000111663,0,0,0,0,0,0,0,0,0.000669979,0,0.000279158
N7-F04,F7,Lung,5,0.98821953,0.00173078,0.00033499,0,0,0.001339959,5.58E-05,0,0.004019876,0,0,0,0,0,0.002400759,0,0,0,0,0,0,0,0,0,0,0.000837474,0,0,0,0,0.001060801
N7-F08,F7,Muscle,5,0.992462732,0.002177433,0,0,0,5.58E-05,0,0,0.000223326,0,0,0.000223326,0,0,0,0,0.000111663,0,0,0,0,0,0,0,0,0.001786612,0,0,0,0.000446653,0.002512423
N9-A01,A9,Heart,7,0.882083636,0.011054659,0,0.000390821,0,0.001842443,0,0,0.100831891,0,0,0,0,0,0,0,5.58E-05,0,0,0,0,0,0,0,0,0.001898275,0,0,0,0,0.001842443
N9-A02,A9,Liver,7,0.957902965,0.005080677,0.005694824,0,0,0.009268048,0.000111663,0,0.011836302,0,0,0.003182402,0,0.000781643,0,0,0.001451622,0,0,5.58E-05,0,0,0,0,0,0.001451622,0,0,0.000223326,0,0.002959075
N9-A03,A9,Spleen,7,0.989447825,0.001898275,0,0.00173078,0,0.002847412,0,0,0.002009938,0,0,0,0,0,0,0,0,0,0,5.58E-05,0,0,0,0,0,0,0,0,0,0,0.002009938
N9-A04,A9,Lung,7,0.940706828,0.016693652,0,0,0,0,0,0,0.031098208,0,0,0.000446653,0,0,0.006476467,0,0,0,0,0,0,0,0,0,0,0,0,0,0,0,0.004578192
N9-A08,A9,Muscle,7,0.976606555,0.004410697,0,0.000446653,0,0.005024845,0,0,0,0,0,0,0,0.000167495,0.004689855,0,0,0,0,0,0,0,0,0,0,0,0,0,0,0,0.0086539
N9-B01,B9,Heart,7,0.946792474,0.000725811,0,0,0,0.002177433,0,0,0.038523812,0,0,0.001786612,0,0,0.000502485,0,0,0,0,0,0,0,0,0,0,0,0,0,0.000111663,0,0.009379711
N9-B02,B9,Liver,7,0.871866451,0,0.003349897,0,0,0.066830439,0,0,0.023840098,5.58E-05,0,0.026129194,0,0.000111663,0.00312657,0,0,0,0,0,0,0,0,0,0,0,0,0,0,0,0.004689855
N9-B03,B9,Spleen,7,0.975657417,0.002344928,0.002009938,0,0,0.00692312,0,0,0.000949137,0.001842443,0,0.002959075,0,0.000223326,0,0,0,0,0,0,0,0,0,0,0,0,0,0,0,0,0.007090615
N9-B04,B9,Lung,7,0.638825303,0.000669979,0.000669979,0,0,0.217631623,0,0,0.028697448,0.000446653,0,0.091005527,0,0,0.008933058,0,0,0,0,0,0,0,0,0,0,0,0,0,0,0,0.013120429
N9-B08,B9,Muscle,7,0.919490816,0.000949137,0.006141477,0,0,0.043492826,0.000279158,0,0.001563285,0,0,0.018871085,0,0,0.007425604,0,0,0,0,0,0,0,0,0,0,0,0,0,0,0,0.001786612
N9-C01,C9,Heart,7,0.946959969,0.008709731,0,0,0,0.022723466,0.000167495,0,0.003014907,0,0,0.012282955,0,0,0.00346156,0,0,0,0,0,0,0,0,0,0,0.000893306,0,0,0,0,0.001786612
N9-C02,C9,Liver,7,0.922673218,0.002233264,5.58E-05,0,0,0.041036235,0,0,0.001507454,0,0,0.021160181,0,0,0,0.000111663,0,0,0,0,0,0,0,0,0,0.00379655,0,0,0,0,0.007425604
N9-C03,C9,Spleen,7,0.987382056,0.002177433,0,0,0,0.000558316,0,0,0.001619117,0,0,0.001228295,0.000446653,0,0,0,0.000279158,0,0,0,0,0,0,0,0,0.002679917,0,0,0,0,0.003629055
N9-C04,C9,Lung,7,0.606219642,0,0.006308972,0,0,0.04712188,0.000725811,0,0.004745687,0,0,0.034894757,0,0.293785942,0,0,0.000781643,0,0,0.000167495,0,0,0,0,0,0.002400759,0,0,0,0,0.002847412
N9-C08,C9,Muscle,7,0.984813802,0.001954106,0,0.001228295,0,0.00898889,0,0,0.000167495,0,0,0.00139579,0,0,0,0,0,0,0,0,0,0,0,0,0,0,0,0,0,0,0.001451622
N9-D01,D9,Heart,7,0.939813522,0.005806488,0,0.000725811,0,0.025347552,0,0,0.005973982,0,0,0.01211546,0,0,0.006978951,0,0,0,0,0,0,0,0,0,0,0,0,0,0,0,0.003238233
N9-D02,D9,Liver,7,0.972586679,0.002289096,0.002959075,0,0,0.001842443,0.001842443,0,0.006699793,0,0,0.000390821,0,0,0.000223326,0,0,0,0,0,0,0,0,0,0,0,0,0,0.000502485,0,0.010663838
N9-D03,D9,Spleen,7,0.978616493,0.001954106,0,0,0,0.004969013,0.002121601,0,0.001451622,0,0,0.001284127,0,0,0.006253141,0,0,0,0,0,0,0,0,0,0,0,0,0,0.000669979,0,0.002679917
N9-D04,D9,Lung,7,0.729998325,0.102674334,0.002233264,0,0,0.09524873,0.002233264,0,0.011836302,0.002624086,0,0.042822846,0,0,0,0,0,0,0,0,0,0,0,0,0,0,0,0,0,0,0.010328848
N9-D08,D9,Muscle,7,0.947797443,0.035453074,0,0,0,0.002512423,0.00206577,0,0.00139579,0.000390821,0,0,0,0,0.008374742,0,0,0,0,0,0,0,0,0,0,0,0,0,0,0,0.002009938
N9-E01,E9,Heart,7,0.548713081,0.002512423,0,0,0,0.000502485,0.402434258,0,0,5.58E-05,0,0,0,0,0.005638993,0,0.03913796,0,0,0,0,0,0,0,0,0,0,0,0,0,0.001004969
N9-E02,E9,Liver,7,0.848417174,0.000223326,0,0,0,0.001451622,0.130813467,0,0.001674948,0,0,0,0,0,0.00346156,0,0.011612975,0,0,0,0,0,0,0,0,0.000949137,0,0,0,0,0.00139579
N9-E03,E9,Spleen,7,0.87393222,0.029646586,0,0,0,0.000893306,0.077829267,0,0,0,0,0,0,0,0,0,0.007369773,0,0,0,0,0,0,0,0,0.002679917,0,0,0,0,0.007648931
N9-E04,E9,Lung,7,0.844285635,0,0,0,0,0,0.136564123,0,0,0,0,0,0,0,0,0,0.015967841,0,0,0,0,0,0,0,0,0.001284127,0,0,0,0,0.001898275
N9-E08,E9,Muscle,7,0.701803361,0.000725811,0.005359835,0.000669979,0,0.001786612,0.258332868,0,0.000502485,5.58E-05,0,0,0,0,0,0,0.028139132,0,0,0,0,0,0,0,0,0.000669979,0,0,0,0,0.001954106
N9-F01,F9,Heart,7,0.970130088,0.002289096,0,0.001060801,0,0.013678745,0.001954106,0,0.003238233,0,0,0.006867288,0,0,0,0,5.58E-05,0,0,0.000167495,0,0,0,0,0,0,0,0,0,0,0.000558316
N9-F02,F9,Liver,7,0.937971079,0.011501312,0.020043549,0,0,0.006699793,0.001786612,0,0.007034783,0,0,0.003629055,0,0,0.006029814,0,0,0,0,0,0,0,0,0,0,0,0,0,0,0,0.005304003
N9-F03,F9,Spleen,7,0.807883424,0.002847412,0.001004969,0.034783094,0,0.098319468,0,0,0.005694824,0,0,0.042711183,0,0,0.004745687,0,0,0,0,0,0,0,0,0,0,0,0,0,0,0,0.002009938
N9-F04,F9,Lung,7,0.913851823,0.001284127,0,0.005973982,0,0.045279437,0,0,0.004299034,0,0,0.020490202,0,0,0.000111663,0,0,0,0,0,0,0,0,0,0,0,0,0,0,0,0.008709731
N9-F08,F9,Muscle,7,0.979286472,0,0,0.007425604,0,0.004522361,0,0,0.000223326,0,0,0,0,0,0.005638993,0,0,0,0,0,0,0,0,0,0,0,0,0,0,0,0.002903244
N4-C01,C4,Heart,2,0.942772598,0.014851209,0.00519234,0.00139579,0,0,0,0,0,0.00033499,0,0,0,0,0,0,0,0,0,0.02009938,0,0,0,0,0,0,0,0,0.007369773,0,0.00798392
N4-D01,D4,Heart,2,0.972251689,0.00898889,0.005359835,0.003964044,0,0,0,0,0.002568254,0,0,0,0.000446653,0,0,0,0,0,0,0.004969013,0,0,0,0,0,0,0,0,0,0,0.001451622
N4-E01,E4,Heart,2,0.830383563,0.007537268,0.054045,0.084696555,0.000837474,0,0,0,0.000558316,0,0,0,0,0,0,0.002903244,0,0,0,0.009156384,0,0,0,0,0,0,0,0,0,0,0.009882195
N4-F01,F4,Heart,2,0.970185919,0.0097147,0.009100553,0,0,0,0,0,0.000223326,0,0,0,0.000279158,0,0,0,0,0,0,0.002624086,0,0,0,0,0,0,0,0,0,0,0.007872257
N4-C02,C4,Liver,2,0.024454246,0.941097649,0.008765563,0,0,0,0,0,0,0,0,0,0,0,0,0,0,0,0,0.007537268,0,0,0,0,0,0,0,0,0,0.002624086,0.015521188
N4-D02,D4,Liver,2,0.030986545,0.699514265,0.12227123,0.001842443,0,0.00139579,0,0,0.120317124,0,0,0,0.00139579,0,0,0,0,0.000167495,0,0.003182402,0,0,0,0,0,0,0,0,0.00033499,0,0.018591927
N4-E02,E4,Liver,2,0.021439339,0.529060354,0.331918932,0.000669979,0,0.000558316,0,0,0,0,0,0,0,0,0,0.066886271,0,0,0,0.025347552,0,0.001339959,0,0,0.001172464,0,0,0,0,0,0.021606834
N4-F02,F4,Liver,2,0.915526771,0.021271844,0.026129194,0,0,0,0,0,0,0.000837474,0,0,0,0,0,0,0,0,0,0.026575847,0,0,0,0,0,0,0,0,0,0.001619117,0.008039752
