Sample_ID,Run_Order,Batch
QC1,1,1
N5-D02,2,1
N0-C14,3,1
N1-D14,4,1
N4-E04,5,1
N3-C03,6,1
N9-F03,7,1
N0-C01,8,1
N9-E08,9,1
N0-F14,10,1
N4-C02,11,1
QC2,12,1
N2-D02,13,1
N7-B02,14,1
N5-E02_S3606996,15,1
N4-C03_S3606995,16,1
N9-B08,17,1
N3-F08,18,1
N0-A01,19,1
N3-B02,20,1
N9-E02,21,1
N3-C08,22,1
QC3,23,1
N9-E01,24,1
N3-E08,25,1
N5-D04,26,1
N5-E03,27,1
N11-E14,28,1
N0-A14,29,1
N5-C04,30,1
N2-B02,31,1
N0-C04,32,1
N4-B04,33,1
QC4,34,1
N2-C02,35,1
N5-C01,36,1
N5-F03,37,1
N0-A04,38,1
N9-B02,39,1
N7-E03,40,1
N5-B02,41,1
N5-D08,42,1
N5-D01,43,1
N9-A01,44,1
QC5,45,1
YN-A04,46,1
N1-E14,47,1
N7-F03,48,1
N9-F02,49,1
N3-C01,50,1
N4-B02,51,1
N4-C08,52,1
N3-A01,53,1
N4-F03,54,1
N7-F04,55,1
QC6,56,1
N11-A14,57,1
N5-A03,58,1
N7-A03,59,1
N9-B04,60,1
N0-F02,61,1
N4-B01,62,1
N4-C04,63,1
N2-F14,64,1
YN-A01,65,1
N2-B14,66,1
QC7,67,1
N7-E01,68,1
N7-D04,69,1
N0-F03,70,1
N7-F08,71,1
N3-F02,72,1
N4-D02,73,1
N1-E02,74,1
N5-C08,75,1
N5-E08,76,1
N3-E01,77,1
QC8,78,1
N7-D02,79,1
N0-F04,80,1
N4-B14,81,1
N0-F08,82,1
N4-E02,83,1
N3-C04,84,1
N4-F14,85,1
N2-C14,86,1
N7-E04,87,1
N5-C03,88,1
QC9,89,1
N9-D03,90,1
N5-B03,91,1
N9-B03,92,1
N4-E08,93,1
N0-A08,94,1
N7-A08,95,1
N7-B03,96,1
N4-B08,97,1
N5-C02,98,1
N3-F01,99,1
QC10,100,1
N0-A02,101,1
N9-D02,102,1
N9-F04,103,1
N4-A01,104,1
N11-F14,105,1
N3-E14,106,1
N2-F02,107,1
N3-D01,108,1
YN-B04,109,1
N4-D04,110,1
QC11,111,1
N7-A02,112,1
N1-C14,113,1
N4-F08,114,1
N9-C08,115,1
N3-D08,116,1
N4-C03,117,1
N2-D14,118,1
N1-F14,119,1
N0-B02,120,1
N3-A04,121,1
QC12,122,1
N3-E02,123,1
N4-E14,124,1
YN-B08,125,1
N7-E08,126,1
N3-F14,127,1
N5-F01,128,1
N9-A03,129,1
N5-B04,130,1
N5-F02,131,1
N3-D02,132,1
QC13,133,1
N5-B01,134,1
N2-E14,135,1
N5-E01,136,1
N9-D01,137,1
YN-A03,138,1
N3-D03,139,1
N3-B03,140,1
N7-F02,141,1
N4-D08,142,1
N7-C02,143,1
QC14,144,1
N7-D08,145,1
N3-D14,146,1
N4-D01,147,1
N0-D04,148,1
N7-A01,149,1
N7-B04,150,1
N4-F02,151,1
N4-A02,152,1
N9-A08,153,1
N3-B14,154,1
QC15,155,1
N0-D08,156,1
N1-F02,157,1
YN-B03,158,1
YN-A08,159,1
N3-B01,160,1
N5-B08,161,1
N0-C08,162,1
N0-D03,163,1
N3-A08,164,1
N5-E02,165,1
QC16,166,1
N1-A14,167,1
N1-C02,168,1
N7-C04,169,1
N5-E04,170,1
N5-F08,171,1
N7-D01,172,1
N4-D03,173,1
N4-A03,174,1
N3-A02,175,1
N0-F01,176,1
QC17,177,1
N11-B14,178,1
N3-A14,179,1
N7-B08,180,1
N0-D14,181,1
N0-E08,182,1
N7-D03,183,1
N3-F04,184,1
N5-A04,185,1
N11-C14,186,1
N5-A02,187,1
QC18,188,1
N9-D04,189,1
N3-C14,190,1
N9-A02,191,1
N9-F08,192,1
N0-A03_S3606993,193,1
N7-C08,194,1
N9-C04,195,1
N4-A04,196,1
N1-D02,197,1
N3-B08,198,1
QC19,199,1
N9-C03,200,1
N2-A14,201,1
N9-C01,202,1
N0-C02,203,1
N9-E03,204,1
N5-D03,205,1
N3-A03,206,1
N7-F01,207,1
YN-B01,208,1
N0-A03,209,1
QC20,210,1
QC21,211,1
N3-F03,212,1
N0-E02,213,1
N0-B01,214,1
N7-E02,215,1
N9-D08,216,1
N11-D14,217,1
N4-D14,218,1
N4-E01,219,1
N0-E01,220,1
N2-E02,221,1
QC22,222,1
N9-E04,223,1
N0-B08,224,1
N3-B04,225,1
N3-C02,226,1
YN-B02,227,1
N7-A04,228,1
N1-B14,229,1
YN-A02,230,1
N9-B01,231,1
N4-A08,232,1
QC23,233,1
N0-B03,234,1
N9-A04,235,1
N3-B02_S3606994,236,1
N4-B03,237,1
N4-A14,238,1
N0-C03,239,1
N4-F01,240,1
N0-D01,241,1
N4-C14,242,1
N2-A02,243,1
QC24,244,1
N3-D04,245,1
N3-E03,246,1
N9-C02,247,1
N1-B02,248,1
N5-A08,249,1
N7-C03,250,1
N0-E14,251,1
N0-B14,252,1
N7-C01,253,1
N7-E08_S3606997,254,1
QC25,255,1
QC26,256,1
N4-E03,257,1
N4-F04,258,1
N0-B04,259,1
N5-F04,260,1
N0-D02,261,1
N5-A01,262,1
N0-E03,263,1
N9-F01,264,1
N4-C01,265,1
N7-B01,266,1
QC27,267,1
N3-E04,268,1
N1-A02,269,1
N0-E04,270,1
QC28,271,1
