Sample_ID,Sample_Type,Tissue,PMI_days,Tech_Pair,Tech_Replicate
QC1,QC,,,,
QC2,QC,,,,
QC3,QC,,,,
QC4,QC,,,,
QC5,QC,,,,
QC6,QC,,,,
QC7,QC,,,,
QC8,QC,,,,
QC9,QC,,,,
QC10,QC,,,,
QC11,QC,,,,
QC12,QC,,,,
QC13,QC,,,,
QC14,QC,,,,
QC15,QC,,,,
QC16,QC,,,,
QC17,QC,,,,
QC18,QC,,,,
QC19,QC,,,,
QC20,QC,,,,
QC21,QC,,,,
QC22,QC,,,,
QC23,QC,,,,
QC24,QC,,,,
QC25,QC,,,,
QC26,QC,,,,
QC27,QC,,,,
QC28,QC,,,,
N0-A01,Biological,Heart,0,,
N0-B01,Biological,Heart,0,,
N0-C01,Biological,Heart,0,,
N0-D01,Biological,Heart,0,,
N0-E01,Biological,Heart,0,,
N0-F01,Biological,Heart,0,,
N3-A01,Biological,Heart,1,,
N3-B01,Biological,Heart,1,,
N3-C01,Biological,Heart,1,,
N3-D01,Biological,Heart,1,,
N3-E01,Biological,Heart,1,,
N3-F01,Biological,Heart,1,,
N4-A01,Biological,Heart,2,,
N4-B01,Biological,Heart,2,,
N4-C01,Biological,Heart,2,,
N4-D01,Biological,Heart,2,,
N4-E01,Biological,Heart,2,,
N4-F01,Biological,Heart,2,,
N5-A01,Biological,Heart,3,,
N5-B01,Biological,Heart,3,,
N5-C01,Biological,Heart,3,,
N5-D01,Biological,Heart,3,,
N5-E01,Biological,Heart,3,,
N5-F01,Biological,Heart,3,,
N7-A01,Biological,Heart,5,,
N7-B01,Biological,Heart,5,,
N7-C01,Biological,Heart,5,,
N7-D01,Biological,Heart,5,,
N7-E01,Biological,Heart,5,,
N7-F01,Biological,Heart,5,,
N9-A01,Biological,Heart,7,,
N9-B01,Biological,Heart,7,,
N9-C01,Biological,Heart,7,,
N9-D01,Biological,Heart,7,,
N9-E01,Biological,Heart,7,,
N9-F01,Biological,Heart,7,,
N0-A02,Biological,Liver,0,,
N0-B02,Biological,Liver,0,,
N0-C02,Biological,Liver,0,,
N0-D02,Biological,Liver,0,,
N0-E02,Biological,Liver,0,,
N0-F02,Biological,Liver,0,,
N3-A02,Biological,Liver,1,,
N3-B02,Biological,Liver,1,TP2,1
N3-C02,Biological,Liver,1,,
N3-D02,Biological,Liver,1,,
N3-E02,Biological,Liver,1,,
N3-F02,Biological,Liver,1,,
N4-A02,Biological,Liver,2,,
N4-B02,Biological,Liver,2,,
N4-C02,Biological,Liver,2,,
N4-D02,Biological,Liver,2,,
N4-E02,Biological,Liver,2,,
N4-F02,Biological,Liver,2,,
N5-A02,Biological,Liver,3,,
N5-B02,Biological,Liver,3,,
N5-C02,Biological,Liver,3,,
N5-D02,Biological,Liver,3,,
N5-E02,Biological,Liver,3,TP4,1
N5-F02,Biological,Liver,3,,
N7-A02,Biological,Liver,5,,
N7-B02,Biological,Liver,5,,
N7-C02,Biological,Liver,5,,
N7-D02,Biological,Liver,5,,
N7-E02,Biological,Liver,5,,
N7-F02,Biological,Liver,5,,
N9-A02,Biological,Liver,7,,
N9-B02,Biological,Liver,7,,
N9-C02,Biological,Liver,7,,
N9-D02,Biological,Liver,7,,
N9-E02,Biological,Liver,7,,
N9-F02,Biological,Liver,7,,
N0-A04,Biological,Lung,0,,
N0-B04,Biological,Lung,0,,
N0-C04,Biological,Lung,0,,
N0-D04,Biological,Lung,0,,
N0-E04,Biological,Lung,0,,
N0-F04,Biological,Lung,0,,
N3-A04,Biological,Lung,1,,
N3-B04,Biological,Lung,1,,
N3-C04,Biological,Lung,1,,
N3-D04,Biological,Lung,1,,
N3-E04,Biological,Lung,1,,
N3-F04,Biological,Lung,1,,
N4-A04,Biological,Lung,2,,
N4-B04,Biological,Lung,2,,
N4-C04,Biological,Lung,2,,
N4-D04,Biological,Lung,2,,
N4-E04,Biological,Lung,2,,
N4-F04,Biological,Lung,2,,
N5-A04,Biological,Lung,3,,
N5-B04,Biological,Lung,3,,
N5-C04,Biological,Lung,3,,
N5-D04,Biological,Lung,3,,
N5-E04,Biological,Lung,3,,
N5-F04,Biological,Lung,3,,
N7-A04,Biological,Lung,5,,
N7-B04,Biological,Lung,5,,
N7-C04,Biological,Lung,5,,
N7-D04,Biological,Lung,5,,
N7-E04,Biological,Lung,5,,
N7-F04,Biological,Lung,5,,
N9-A04,Biological,Lung,7,,
N9-B04,Biological,Lung,7,,
N9-C04,Biological,Lung,7,,
N9-D04,Biological,Lung,7,,
N9-E04,Biological,Lung,7,,
N9-F04,Biological,Lung,7,,
N0-A08,Biological,Muscle,0,,
N0-B08,Biological,Muscle,0,,
N0-C08,Biological,Muscle,0,,
N0-D08,Biological,Muscle,0,,
N0-E08,Biological,Muscle,0,,
N0-F08,Biological,Muscle,0,,
N3-A08,Biological,Muscle,1,,
N3-B08,Biological,Muscle,1,,
N3-C08,Biological,Muscle,1,,
N3-D08,Biological,Muscle,1,,
N3-E08,Biological,Muscle,1,,
N3-F08,Biological,Muscle,1,,
N4-A08,Biological,Muscle,2,,
N4-B08,Biological,Muscle,2,,
N4-C08,Biological,Muscle,2,,
N4-D08,Biological,Muscle,2,,
N4-E08,Biological,Muscle,2,,
N4-F08,Biological,Muscle,2,,
N5-A08,Biological,Muscle,3,,
N5-B08,Biological,Muscle,3,,
N5-C08,Biological,Muscle,3,,
N5-D08,Biological,Muscle,3,,
N5-E08,Biological,Muscle,3,,
N5-F08,Biological,Muscle,3,,
N7-A08,Biological,Muscle,5,,
N7-B08,Biological,Muscle,5,,
N7-C08,Biological,Muscle,5,,
N7-D08,Biological,Muscle,5,,
N7-E08,Biological,Muscle,5,TP5,1
N7-F08,Biological,Muscle,5,,
N9-A08,Biological,Muscle,7,,
N9-B08,Biological,Muscle,7,,
N9-C08,Biological,Muscle,7,,
N9-D08,Biological,Muscle,7,,
N9-E08,Biological,Muscle,7,,
N9-F08,Biological,Muscle,7,,
N0-A03,Biological,Spleen,0,TP1,1
N0-B03,Biological,Spleen,0,,
N0-C03,Biological,Spleen,0,,
N0-D03,Biological,Spleen,0,,
N0-E03,Biological,Spleen,0,,
N0-F03,Biological,Spleen,0,,
N3-A03,Biological,Spleen,1,,
N3-B03,Biological,Spleen,1,,
N3-C03,Biological,Spleen,1,,
N3-D03,Biological,Spleen,1,,
N3-E03,Biological,Spleen,1,,
N3-F03,Biological,Spleen,1,,
N4-A03,Biological,Spleen,2,,
N4-B03,Biological,Spleen,2,,
N4-C03,Biological,Spleen,2,TP3,1
N4-D03,Biological,Spleen,2,,
N4-E03,Biological,Spleen,2,,
N4-F03,Biological,Spleen,2,,
N5-A03,Biological,Spleen,3,,
N5-B03,Biological,Spleen,3,,
N5-C03,Biological,Spleen,3,,
N5-D03,Biological,Spleen,3,,
N5-E03,Biological,Spleen,3,,
N5-F03,Biological,Spleen,3,,
N7-A03,Biological,Spleen,5,,
N7-B03,Biological,Spleen,5,,
N7-C03,Biological,Spleen,5,,
N7-D03,Biological,Spleen,5,,
N7-E03,Biological,Spleen,5,,
N7-F03,Biological,Spleen,5,,
N9-A03,Biological,Spleen,7,,
N9-B03,Biological,Spleen,7,,
N9-C03,Biological,Spleen,7,,
N9-D03,Biological,Spleen,7,,
N9-E03,Biological,Spleen,7,,
N9-F03,Biological,Spleen,7,,
N0-A03_S3606993,Biological,Spleen,0,TP1,2
N3-B02_S3606994,Biological,Liver,1,TP2,2
N4-C03_S3606995,Biological,Spleen,2,TP3,2
N5-E02_S3606996,Biological,Liver,3,TP4,2
N7-E08_S3606997,Biological,Muscle,5,TP5,2
