SampleID,Bodysite,Day,Day2
N0-A01,Heart,0,A0
N0-B01,Heart,0,A0
N0-C01,Heart,0,A0
N0-D01,Heart,0,A0
N0-E01,Heart,0,A0
N0-F01,Heart,0,A0
N3-A01,Heart,1,B1
N3-B01,Heart,1,B1
N3-C01,Heart,1,B1
N3-D01,Heart,1,B1
N3-E01,Heart,1,B1
N3-F01,Heart,1,B1
N4-A01,Heart,2,C2
N4-B01,Heart,2,C2
N4-C01,Heart,2,C2
N4-D01,Heart,2,C2
N4-E01,Heart,2,C2
N4-F01,Heart,2,C2
N5-A01,Heart,3,D3
N5-B01,Heart,3,D3
N5-C01,Heart,3,D3
N5-D01,Heart,3,D3
N5-E01,Heart,3,D3
N5-F01,Heart,3,D3
N7-A01,Heart,5,E5
N7-B01,Heart,5,E5
N7-C01,Heart,5,E5
N7-D01,Heart,5,E5
N7-E01,Heart,5,E5
N7-F01,Heart,5,E5
N9-A01,Heart,7,F7
N9-B01,Heart,7,F7
N9-C01,Heart,7,F7
N9-D01,Heart,7,F7
N9-E01,Heart,7,F7
N9-F01,Heart,7,F7
N0-A02,Liver,0,A0
N0-B02,Liver,0,A0
N0-C02,Liver,0,A0
N0-D02,Liver,0,A0
N0-E02,Liver,0,A0
N0-F02,Liver,0,A0
N3-A02,Liver,1,B1
N3-B02,Liver,1,B1
N3-C02,Liver,1,B1
N3-D02,Liver,1,B1
N3-E02,Liver,1,B1
N3-F02,Liver,1,B1
N4-A02,Liver,2,C2
N4-B02,Liver,2,C2
N4-C02,Liver,2,C2
N4-D02,Liver,2,C2
N4-E02,Liver,2,C2
N4-F02,Liver,2,C2
N5-A02,Liver,3,D3
N5-B02,Liver,3,D3
N5-C02,Liver,3,D3
N5-D02,Liver,3,D3
N5-E02,Liver,3,D3
N5-F02,Liver,3,D3
N7-A02,Liver,5,E5
N7-B02,Liver,5,E5
N7-C02,Liver,5,E5
N7-D02,Liver,5,E5
N7-E02,Liver,5,E5
N7-F02,Liver,5,E5
N9-A02,Liver,7,F7
N9-B02,Liver,7,F7
N9-C02,Liver,7,F7
N9-D02,Liver,7,F7
N9-E02,Liver,7,F7
N9-F02,Liver,7,F7
N0-A03,Spleen,0,A0
N0-B03,Spleen,0,A0
N0-C03,Spleen,0,A0
N0-D03,Spleen,0,A0
N0-E03,Spleen,0,A0
N0-F03,Spleen,0,A0
N3-A03,Spleen,1,B1
N3-B03,Spleen,1,B1
N3-C03,Spleen,1,B1
N3-D03,Spleen,1,B1
N3-E03,Spleen,1,B1
N3-F03,Spleen,1,B1
N4-A03,Spleen,2,C2
N4-B03,Spleen,2,C2
N4-C03,Spleen,2,C2
N4-D03,Spleen,2,C2
N4-E03,Spleen,2,C2
N4-F03,Spleen,2,C2
N5-A03,Spleen,3,D3
N5-B03,Spleen,3,D3
N5-C03,Spleen,3,D3
N5-D03,Spleen,3,D3
N5-E03,Spleen,3,D3
N5-F03,Spleen,3,D3
N7-A03,Spleen,5,E5
N7-B03,Spleen,5,E5
N7-C03,Spleen,5,E5
N7-D03,Spleen,5,E5
N7-E03,Spleen,5,E5
N7-F03,Spleen,5,E5
N9-A03,Spleen,7,F7
N9-B03,Spleen,7,F7
N9-C03,Spleen,7,F7
N9-D03,Spleen,7,F7
N9-E03,Spleen,7,F7
N9-F03,Spleen,7,F7
N0-A04,Lung,0,A0
N0-B04,Lung,0,A0
N0-C04,Lung,0,A0
N0-D04,Lung,0,A0
N0-E04,Lung,0,A0
N0-F04,Lung,0,A0
N3-A04,Lung,1,B1
N3-B04,Lung,1,B1
N3-C04,Lung,1,B1
N3-D04,Lung,1,B1
N3-E04,Lung,1,B1
N3-F04,Lung,1,B1
N4-A04,Lung,2,C2
N4-B04,Lung,2,C2
N4-C04,Lung,2,C2
N4-D04,Lung,2,C2
N4-E04,Lung,2,C2
N4-F04,Lung,2,C2
N5-A04,Lung,3,D3
N5-B04,Lung,3,D3
N5-C04,Lung,3,D3
N5-D04,Lung,3,D3
N5-E04,Lung,3,D3
N5-F04,Lung,3,D3
N7-A04,Lung,5,E5
N7-B04,Lung,5,E5
N7-C04,Lung,5,E5
N7-D04,Lung,5,E5
N7-E04,Lung,5,E5
N7-F04,Lung,5,E5
N9-A04,Lung,7,F7
N9-B04,Lung,7,F7
N9-C04,Lung,7,F7
N9-D04,Lung,7,F7
N9-E04,Lung,7,F7
N9-F04,Lung,7,F7
N0-A08,Muscle,0,A0
N0-B08,Muscle,0,A0
N0-C08,Muscle,0,A0
N0-D08,Muscle,0,A0
N0-E08,Muscle,0,A0
N0-F08,Muscle,0,A0
N3-A08,Muscle,1,B1
N3-B08,Muscle,1,B1
N3-C08,Muscle,1,B1
N3-D08,Muscle,1,B1
N3-E08,Muscle,1,B1
N3-F08,Muscle,1,B1
N4-A08,Muscle,2,C2
N4-B08,Muscle,2,C2
N4-C08,Muscle,2,C2
N4-D08,Muscle,2,C2
N4-E08,Muscle,2,C2
N4-F08,Muscle,2,C2
N5-A08,Muscle,3,D3
N5-B08,Muscle,3,D3
N5-C08,Muscle,3,D3
N5-D08,Muscle,3,D3
N5-E08,Muscle,3,D3
N5-F08,Muscle,3,D3
N7-A08,Muscle,5,E5
N7-B08,Muscle,5,E5
N7-C08,Muscle,5,E5
N7-D08,Muscle,5,E5
N7-E08,Muscle,5,E5
N7-F08,Muscle,5,E5
N9-A08,Muscle,7,F7
N9-B08,Muscle,7,F7
N9-C08,Muscle,7,F7
N9-D08,Muscle,7,F7
N9-E08,Muscle,7,F7
N9-F08,Muscle,7,F7
